socket kernel golf vector daemon cipher echo socket
socket foxtrot charlie system buffer echo
system system delta delta foxtrot
packet daemon echo delta
echo socket packet daemon alpha kernel charlie socket
socket cipher alpha delta bravo hotel echo hotel
charlie alpha bravo bravo alpha buffer echo buffer
kernel kernel buffer kernel
socket buffer foxtrot bravo socket delta daemon
socket hotel cipher charlie hotel alpha
foxtrot socket system buffer system cipher foxtrot charlie
system buffer cipher
kernel hotel vector
delta packet bravo alpha hotel system
cipher kernel cipher foxtrot alpha buffer cipher
bravo hotel vector foxtrot vector system
foxtrot vector kernel socket cipher
daemon daemon bravo echo buffer delta socket
delta hotel hotel packet system
cipher hotel buffer delta
kernel charlie bravo delta golf hotel
daemon daemon delta bravo
alpha echo hotel alpha packet vector bravo golf charlie
buffer echo buffer system buffer cipher system
cipher kernel delta
bravo golf system
system charlie echo hotel echo foxtrot delta echo
system charlie foxtrot system daemon
daemon alpha daemon golf system
kernel system socket delta system foxtrot
buffer vector cipher echo daemon
system cipher echo kernel packet bravo buffer vector
charlie system echo kernel kernel foxtrot system socket foxtrot
buffer hotel packet buffer alpha packet cipher hotel buffer
vector daemon hotel echo hotel packet system golf
kernel vector socket bravo
kernel buffer alpha foxtrot buffer
delta buffer bravo echo charlie golf vector golf packet
foxtrot hotel golf hotel alpha packet
foxtrot vector buffer delta kernel delta kernel socket bravo
system vector daemon buffer kernel hotel
echo vector kernel daemon alpha cipher buffer daemon
socket packet vector charlie vector system delta vector buffer
packet bravo hotel cipher daemon delta delta
delta golf vector
socket cipher buffer hotel buffer kernel charlie buffer vector
alpha alpha echo delta
golf system packet system socket
echo foxtrot system alpha hotel daemon kernel alpha charlie
daemon hotel packet daemon buffer hotel
buffer golf charlie foxtrot hotel buffer delta
delta daemon charlie echo foxtrot buffer bravo
hotel daemon golf socket
hotel hotel hotel
buffer packet kernel hotel vector buffer charlie
bravo charlie daemon cipher charlie alpha delta packet foxtrot
cipher cipher daemon system alpha alpha golf buffer
buffer alpha vector echo
system charlie echo kernel
echo daemon system daemon vector packet alpha charlie echo
hotel alpha hotel socket bravo hotel foxtrot system foxtrot
hotel system vector golf bravo system buffer vector
vector alpha socket cipher buffer delta system kernel
charlie charlie kernel cipher system system bravo socket
golf golf bravo delta
system system system buffer
golf cipher vector echo
echo delta delta
cipher bravo socket charlie packet alpha
bravo socket bravo socket hotel daemon
system system buffer golf cipher
foxtrot echo buffer
hotel bravo charlie delta bravo foxtrot
echo socket buffer packet delta hotel cipher daemon
kernel socket foxtrot hotel buffer echo
system golf kernel golf buffer
buffer cipher daemon charlie
hotel golf system foxtrot socket system golf
packet hotel echo daemon golf daemon charlie daemon golf
cipher foxtrot cipher bravo alpha alpha cipher system
daemon echo system hotel foxtrot buffer echo buffer
kernel kernel vector packet packet system alpha system
packet system vector echo golf socket echo echo
charlie hotel delta hotel buffer buffer daemon
packet foxtrot golf kernel alpha kernel packet
vector bravo packet hotel charlie
foxtrot system kernel echo hotel system kernel
charlie charlie kernel bravo
daemon delta socket bravo
socket echo cipher bravo foxtrot bravo hotel
foxtrot golf alpha cipher kernel
foxtrot daemon system buffer
delta vector foxtrot vector foxtrot echo packet buffer packet
system charlie kernel
charlie delta golf charlie daemon buffer
charlie buffer golf cipher delta cipher socket
foxtrot socket hotel charlie bravo
vector alpha foxtrot bravo system echo golf bravo alpha
kernel buffer golf echo foxtrot echo
delta hotel foxtrot
vector charlie hotel
foxtrot daemon charlie socket
golf golf echo buffer alpha foxtrot
packet golf system socket foxtrot daemon daemon socket
alpha system kernel
delta echo vector daemon kernel buffer echo
delta alpha charlie socket golf delta charlie bravo kernel
vector system golf delta
hotel echo packet
delta cipher alpha
alpha packet system buffer system echo
socket bravo charlie cipher
system kernel foxtrot foxtrot
kernel charlie kernel
system hotel packet vector
cipher alpha hotel kernel golf buffer delta system
alpha alpha bravo delta packet
packet cipher vector buffer packet
system kernel echo hotel echo charlie delta delta
packet alpha buffer vector packet cipher system hotel bravo
daemon vector kernel bravo delta buffer socket
echo kernel bravo echo hotel socket
golf hotel hotel cipher packet echo vector
socket socket golf
packet kernel golf
daemon foxtrot kernel system alpha foxtrot alpha
packet kernel bravo hotel socket golf cipher hotel packet
alpha alpha cipher daemon buffer kernel alpha delta hotel
socket daemon socket
buffer charlie system buffer vector charlie
golf alpha delta delta
system system system packet vector system bravo
system packet alpha vector foxtrot delta delta echo daemon
cipher charlie charlie socket golf echo packet charlie daemon
charlie daemon system kernel charlie golf vector buffer system
socket daemon hotel golf cipher socket buffer delta
hotel system delta
socket charlie system vector
packet foxtrot echo delta delta
cipher charlie foxtrot charlie
cipher packet charlie vector bravo delta delta socket cipher
hotel buffer echo
system socket system
hotel delta charlie
golf golf system vector socket foxtrot bravo alpha
kernel hotel vector echo
foxtrot delta vector vector vector
cipher alpha system cipher daemon buffer charlie packet delta
vector charlie bravo delta packet packet system packet
bravo system foxtrot echo charlie delta system
vector system cipher
delta cipher packet bravo daemon bravo echo hotel bravo
buffer bravo delta socket echo golf
hotel alpha alpha bravo vector alpha daemon golf charlie
cipher bravo delta socket echo
foxtrot hotel buffer foxtrot buffer
kernel buffer buffer daemon daemon delta system alpha
cipher echo buffer buffer socket kernel
packet bravo buffer alpha bravo golf system
alpha echo buffer echo buffer system hotel charlie foxtrot
alpha echo kernel
cipher kernel echo daemon daemon
vector cipher alpha system echo kernel delta
vector alpha bravo
charlie vector cipher daemon packet cipher
charlie vector delta packet daemon cipher socket buffer
echo hotel foxtrot socket alpha bravo delta daemon
socket vector daemon echo buffer echo delta socket buffer
system cipher echo daemon alpha delta foxtrot
alpha socket charlie charlie hotel
cipher socket vector
daemon foxtrot golf echo charlie hotel bravo daemon socket
hotel vector foxtrot
system charlie alpha buffer charlie
echo kernel echo
kernel foxtrot bravo charlie daemon alpha bravo
delta cipher bravo buffer vector golf hotel charlie
cipher delta buffer foxtrot golf daemon buffer delta
hotel hotel golf vector foxtrot
alpha foxtrot delta vector alpha foxtrot
buffer cipher system charlie bravo bravo bravo
socket daemon alpha echo socket kernel delta cipher
delta bravo cipher system foxtrot echo echo delta golf
golf buffer golf
charlie charlie kernel system buffer delta foxtrot
charlie system foxtrot golf charlie golf daemon charlie cipher
vector daemon echo alpha charlie alpha
delta foxtrot packet bravo vector vector alpha delta buffer
cipher alpha echo packet echo system buffer kernel delta
system bravo kernel
kernel socket system bravo charlie vector delta
charlie system buffer hotel charlie buffer charlie vector echo
alpha kernel echo
golf buffer kernel echo cipher hotel daemon kernel bravo
kernel daemon packet golf system golf
bravo foxtrot packet bravo
alpha socket daemon foxtrot bravo daemon buffer socket packet
packet alpha cipher system daemon golf delta socket
echo socket hotel
alpha bravo echo
socket echo system hotel
kernel echo delta buffer hotel foxtrot
daemon alpha daemon vector
foxtrot bravo socket vector delta
cipher packet system alpha bravo
cipher alpha bravo hotel
charlie bravo echo packet bravo vector
system kernel vector daemon
hotel vector bravo packet charlie packet kernel kernel
bravo packet delta echo vector charlie alpha packet
charlie kernel charlie hotel buffer charlie system cipher charlie
kernel foxtrot socket buffer buffer
packet daemon alpha delta packet buffer vector vector buffer
vector foxtrot delta socket echo vector charlie packet
hotel delta cipher kernel delta socket
kernel system hotel hotel cipher daemon system
cipher foxtrot daemon hotel charlie golf daemon foxtrot
delta system charlie cipher
kernel daemon bravo vector daemon bravo
kernel golf charlie alpha charlie socket cipher
kernel packet packet buffer cipher kernel
daemon alpha hotel buffer alpha vector daemon echo socket
packet golf hotel hotel
bravo daemon vector hotel delta system bravo packet system
foxtrot charlie system foxtrot bravo
system daemon packet packet buffer bravo echo socket
vector packet kernel
alpha daemon vector kernel charlie system
delta hotel charlie hotel charlie alpha golf bravo kernel
bravo cipher buffer golf bravo
echo echo delta packet kernel buffer
delta alpha packet daemon
cipher socket hotel
cipher golf system buffer buffer
charlie kernel socket kernel kernel bravo system hotel buffer
delta kernel foxtrot buffer echo buffer charlie vector
golf echo daemon charlie socket delta
system kernel kernel packet vector
foxtrot kernel foxtrot alpha foxtrot golf
vector delta alpha bravo foxtrot
alpha charlie golf delta cipher daemon
foxtrot foxtrot golf
echo vector alpha cipher
charlie vector charlie foxtrot kernel
buffer delta foxtrot
daemon alpha golf kernel system daemon
foxtrot foxtrot golf alpha hotel golf echo alpha
kernel vector daemon foxtrot hotel foxtrot golf
daemon bravo buffer vector
delta foxtrot golf packet
cipher kernel daemon daemon vector charlie
golf vector echo echo socket socket packet cipher daemon
delta buffer delta buffer charlie system delta alpha
packet kernel bravo echo
kernel socket socket
kernel system echo foxtrot
hotel hotel vector echo
golf kernel delta daemon vector cipher hotel
hotel system delta alpha vector socket
buffer charlie buffer packet foxtrot
system hotel vector kernel hotel cipher
charlie echo bravo hotel
echo charlie vector
daemon daemon socket socket
bravo foxtrot charlie echo
alpha cipher buffer
bravo delta kernel packet bravo
socket golf daemon hotel delta cipher echo
golf charlie kernel kernel hotel echo cipher foxtrot alpha
socket bravo golf cipher kernel system bravo
alpha packet hotel
bravo bravo buffer alpha buffer cipher
socket hotel vector foxtrot
kernel cipher charlie packet system cipher delta
charlie system bravo delta
system daemon packet
delta socket packet daemon daemon charlie buffer cipher packet
echo golf socket
daemon cipher foxtrot
bravo bravo buffer
kernel hotel cipher echo
buffer echo hotel
buffer kernel hotel kernel system delta
bravo cipher daemon alpha bravo charlie buffer packet socket
daemon buffer kernel
socket cipher cipher daemon
bravo foxtrot echo charlie bravo packet packet packet echo
vector delta socket kernel
bravo alpha delta
buffer system delta
hotel system system echo charlie
kernel buffer socket system kernel alpha
golf packet alpha daemon charlie echo
vector kernel socket socket
alpha socket cipher daemon charlie foxtrot charlie packet
echo bravo kernel bravo foxtrot cipher delta
cipher socket socket charlie system
delta vector socket delta charlie vector vector system bravo
echo daemon socket
bravo charlie vector packet packet socket echo foxtrot golf
foxtrot cipher system
charlie golf charlie system socket packet
system echo foxtrot daemon vector alpha
charlie charlie kernel
hotel buffer buffer foxtrot
golf packet cipher
delta hotel packet
echo vector vector vector cipher echo delta echo
foxtrot hotel foxtrot hotel echo packet kernel packet
golf daemon packet alpha bravo
vector cipher bravo daemon
echo kernel charlie foxtrot bravo kernel golf golf
vector golf socket kernel golf alpha
system foxtrot daemon
kernel socket kernel
socket bravo system buffer hotel socket alpha
cipher bravo hotel golf delta echo vector charlie
kernel foxtrot socket hotel vector
hotel charlie delta vector kernel golf
vector system buffer
foxtrot foxtrot daemon system foxtrot daemon cipher socket golf
alpha packet system buffer daemon cipher foxtrot
delta foxtrot foxtrot socket echo foxtrot socket
foxtrot alpha hotel packet alpha foxtrot packet vector kernel
vector alpha delta packet daemon alpha hotel vector
system bravo hotel system kernel
buffer socket socket buffer system echo alpha vector
packet charlie foxtrot foxtrot
socket charlie cipher hotel daemon cipher
system packet foxtrot hotel hotel buffer hotel echo
packet socket socket kernel
golf bravo system charlie cipher packet
buffer alpha system cipher golf bravo hotel
bravo hotel vector buffer bravo socket vector echo buffer
packet echo echo delta vector packet golf packet kernel
alpha golf buffer system system golf echo
system hotel system packet echo echo socket delta buffer
bravo socket system cipher system echo cipher
golf golf socket charlie
hotel daemon alpha charlie delta foxtrot
buffer charlie hotel system packet
cipher buffer socket vector golf
system bravo echo cipher daemon echo kernel
hotel foxtrot daemon vector echo delta
socket buffer system
foxtrot vector foxtrot system foxtrot
echo alpha vector socket hotel daemon
socket foxtrot echo vector echo cipher
kernel vector cipher hotel system daemon daemon
vector charlie echo daemon
foxtrot alpha foxtrot
vector buffer alpha alpha kernel packet
buffer echo bravo bravo kernel hotel packet vector
echo vector daemon delta packet bravo cipher
cipher echo echo foxtrot foxtrot kernel kernel kernel
hotel vector delta
delta cipher cipher
bravo socket hotel hotel
foxtrot daemon cipher kernel cipher hotel echo bravo alpha
socket foxtrot alpha golf
cipher alpha echo vector
socket socket charlie alpha
socket buffer golf charlie packet vector
vector foxtrot vector
hotel golf charlie cipher
delta bravo cipher vector alpha vector
foxtrot foxtrot packet hotel kernel bravo daemon delta socket
echo packet packet system cipher system
cipher golf delta daemon
system echo bravo packet vector echo
cipher kernel foxtrot daemon delta echo vector golf buffer
kernel charlie hotel golf cipher alpha delta bravo bravo
charlie charlie bravo daemon daemon charlie golf cipher
system charlie system foxtrot charlie vector charlie bravo bravo
buffer socket kernel delta
cipher hotel vector kernel hotel
alpha vector socket system cipher cipher foxtrot
hotel socket socket
delta hotel buffer packet system kernel socket alpha buffer
cipher bravo foxtrot
echo echo hotel kernel buffer
delta echo golf
packet foxtrot echo
delta vector system packet buffer charlie hotel echo vector
buffer foxtrot alpha vector kernel
golf bravo foxtrot foxtrot packet
buffer golf bravo vector
delta socket bravo foxtrot
bravo foxtrot golf
kernel vector echo packet alpha foxtrot hotel
foxtrot charlie bravo charlie delta vector golf
daemon echo kernel hotel delta echo delta hotel
foxtrot foxtrot kernel system daemon foxtrot packet echo
cipher hotel vector delta socket alpha echo socket
echo golf charlie vector vector
alpha buffer cipher kernel delta socket echo bravo
socket golf echo golf
daemon foxtrot cipher cipher charlie packet charlie cipher
vector foxtrot echo kernel
socket daemon hotel bravo packet daemon kernel kernel
kernel foxtrot alpha alpha alpha
alpha packet vector cipher vector
bravo cipher delta
packet daemon cipher system bravo socket golf socket
cipher cipher cipher golf
vector vector buffer packet vector bravo
kernel foxtrot echo charlie kernel socket kernel buffer delta
echo system echo hotel buffer vector hotel
hotel daemon kernel packet charlie vector kernel vector
kernel socket bravo packet system echo bravo cipher delta
daemon vector foxtrot charlie delta daemon
charlie vector socket hotel socket charlie cipher packet
hotel alpha echo bravo socket hotel hotel daemon
cipher vector echo golf delta
charlie golf vector vector hotel delta system foxtrot
socket system socket vector delta
golf charlie packet kernel packet vector
socket hotel socket cipher
kernel delta system socket
delta charlie buffer alpha bravo golf cipher vector
packet golf buffer alpha kernel charlie hotel kernel
hotel system cipher socket charlie
vector buffer golf buffer
system delta hotel hotel
alpha daemon daemon daemon buffer
kernel system packet
kernel hotel foxtrot system buffer cipher system delta
system golf foxtrot echo foxtrot echo kernel foxtrot daemon
foxtrot alpha daemon system
echo cipher buffer cipher cipher vector kernel hotel
system bravo hotel buffer hotel packet bravo alpha
buffer alpha foxtrot
hotel alpha system
delta golf alpha delta alpha
buffer cipher hotel
buffer packet golf
buffer charlie vector charlie cipher
daemon system delta packet delta golf hotel
golf hotel cipher packet vector
hotel socket daemon daemon packet
foxtrot golf hotel
vector charlie packet
cipher vector foxtrot cipher daemon socket system system kernel
delta hotel delta vector hotel foxtrot socket
hotel packet charlie echo system cipher alpha
golf system cipher buffer bravo hotel
daemon vector kernel vector foxtrot kernel socket
echo cipher cipher golf foxtrot vector vector hotel
buffer kernel vector vector system golf cipher charlie cipher
socket vector foxtrot alpha system
bravo charlie vector echo packet charlie
charlie echo buffer kernel delta buffer
buffer delta system hotel alpha vector foxtrot socket
hotel hotel echo buffer system
buffer buffer daemon
charlie vector charlie buffer
bravo echo delta echo charlie charlie socket
vector system socket socket packet system daemon packet vector
alpha system socket socket socket charlie socket kernel delta
alpha hotel socket buffer kernel vector bravo vector alpha
golf daemon bravo packet cipher charlie charlie alpha echo
packet daemon buffer bravo charlie
foxtrot golf packet daemon delta bravo vector packet system
alpha bravo buffer charlie
vector vector echo kernel
socket system system foxtrot echo buffer
delta charlie daemon echo delta buffer alpha hotel
foxtrot daemon hotel
charlie delta kernel packet
vector kernel cipher kernel
daemon echo socket socket
buffer charlie hotel packet delta
buffer vector bravo packet vector vector vector
packet alpha cipher packet
buffer hotel buffer delta vector
socket kernel golf echo foxtrot kernel golf
hotel golf vector system alpha system foxtrot kernel
charlie system foxtrot buffer packet alpha echo golf
packet vector kernel daemon socket echo foxtrot
golf alpha alpha kernel golf foxtrot echo foxtrot
buffer golf golf
cipher system vector kernel
packet kernel echo system
alpha echo packet golf
vector daemon alpha socket echo
foxtrot buffer kernel alpha kernel
hotel delta daemon packet packet alpha kernel cipher socket
system cipher alpha socket bravo
buffer daemon packet charlie bravo
bravo golf cipher
buffer system socket alpha alpha system
hotel daemon golf kernel
vector vector alpha
daemon charlie alpha packet buffer
packet echo kernel hotel charlie packet packet
charlie vector kernel
delta charlie buffer echo golf buffer
golf cipher golf buffer charlie alpha foxtrot charlie
bravo daemon charlie echo
kernel daemon system alpha
foxtrot kernel echo charlie
system kernel foxtrot
charlie echo alpha buffer socket socket
delta bravo packet golf
golf delta golf
delta foxtrot buffer alpha charlie golf echo hotel foxtrot
packet cipher echo echo alpha charlie hotel cipher charlie
delta golf packet foxtrot echo cipher kernel
cipher kernel delta system
hotel vector buffer cipher
packet socket alpha daemon daemon packet vector buffer echo
hotel vector vector alpha system charlie bravo golf
alpha echo daemon socket
daemon hotel cipher bravo packet daemon hotel
buffer kernel daemon
foxtrot vector system foxtrot
socket hotel vector
daemon charlie socket
charlie delta vector hotel cipher hotel system
daemon foxtrot buffer
packet buffer alpha socket
system foxtrot hotel system hotel socket
kernel daemon charlie packet delta foxtrot
daemon delta golf kernel
kernel golf bravo vector cipher echo packet
kernel foxtrot daemon cipher hotel packet packet charlie
packet golf bravo bravo packet charlie hotel packet
charlie bravo daemon delta delta kernel echo vector
charlie system socket charlie vector kernel
packet alpha buffer system bravo buffer daemon alpha daemon
echo hotel charlie daemon system golf buffer
system charlie socket socket
delta kernel alpha
golf charlie alpha socket packet vector system charlie
foxtrot daemon packet alpha
golf socket cipher daemon vector delta golf vector
daemon hotel cipher hotel charlie bravo
kernel bravo hotel foxtrot socket foxtrot
charlie system cipher charlie bravo bravo foxtrot socket foxtrot
buffer kernel bravo kernel bravo foxtrot
alpha cipher vector
packet system delta charlie hotel alpha packet socket charlie
vector alpha system system kernel kernel charlie daemon
delta golf delta
vector delta echo golf packet buffer hotel hotel
charlie foxtrot packet buffer socket delta
alpha system packet system charlie system
echo socket delta system
system delta alpha delta hotel kernel buffer
packet delta cipher
socket charlie charlie
delta daemon bravo
cipher vector socket echo system vector alpha packet
buffer socket buffer bravo echo daemon system hotel
cipher foxtrot bravo packet buffer kernel foxtrot bravo daemon
packet golf socket bravo packet
echo packet bravo foxtrot bravo
echo delta kernel cipher
kernel charlie vector bravo hotel vector kernel
alpha cipher bravo buffer
charlie golf kernel hotel foxtrot charlie hotel system foxtrot
vector packet delta
socket kernel socket bravo bravo alpha buffer charlie
delta bravo golf kernel buffer vector vector
foxtrot delta echo
system buffer charlie echo kernel foxtrot alpha
system socket charlie socket foxtrot echo golf charlie
cipher packet foxtrot alpha vector golf echo kernel delta
system bravo golf kernel kernel
socket vector kernel daemon alpha cipher daemon daemon
golf daemon kernel daemon charlie cipher daemon hotel charlie
hotel packet socket delta golf alpha
system system hotel buffer echo
cipher bravo packet charlie charlie echo buffer alpha
daemon socket kernel buffer delta buffer vector golf
delta packet echo golf golf buffer packet charlie
buffer vector foxtrot system
buffer echo bravo kernel system echo cipher
golf daemon golf vector hotel golf
buffer foxtrot charlie foxtrot alpha hotel daemon hotel
packet charlie cipher charlie hotel daemon daemon alpha alpha
packet alpha packet hotel alpha vector kernel
vector foxtrot delta
hotel golf daemon socket bravo alpha socket
golf vector daemon golf packet buffer daemon hotel
packet system charlie system system packet socket kernel daemon
bravo vector foxtrot echo system bravo daemon foxtrot bravo
foxtrot charlie bravo foxtrot daemon echo foxtrot
delta charlie hotel kernel
alpha daemon daemon kernel delta foxtrot hotel
socket kernel hotel golf golf hotel
charlie daemon socket bravo golf echo charlie
alpha golf cipher delta buffer
alpha alpha vector system buffer echo
daemon foxtrot bravo charlie hotel
cipher system socket packet vector bravo echo
daemon buffer golf echo
foxtrot kernel golf echo system echo system kernel packet
buffer golf foxtrot hotel vector
hotel kernel vector buffer system
echo delta alpha packet charlie daemon socket cipher
delta cipher golf socket delta delta bravo socket
delta alpha system bravo foxtrot system daemon hotel echo
bravo cipher packet daemon delta kernel delta hotel alpha
golf echo system daemon
bravo system charlie buffer
daemon cipher cipher delta
foxtrot delta system alpha golf vector charlie golf daemon
buffer echo system
bravo foxtrot packet golf
echo packet vector foxtrot socket system hotel alpha charlie
packet vector echo hotel alpha bravo packet socket buffer
vector daemon cipher kernel daemon golf vector daemon packet
cipher golf echo foxtrot charlie golf
socket packet echo foxtrot echo
golf daemon system bravo golf
charlie daemon cipher cipher kernel vector golf
foxtrot hotel foxtrot foxtrot packet socket delta socket
vector socket bravo kernel hotel bravo delta
buffer charlie vector cipher
socket alpha alpha
cipher echo cipher charlie vector daemon kernel kernel delta
packet alpha socket alpha charlie kernel
daemon delta alpha
hotel golf buffer
charlie charlie delta delta charlie charlie kernel system
cipher hotel packet delta cipher daemon buffer kernel delta
charlie charlie buffer alpha packet system foxtrot system bravo
packet foxtrot golf bravo daemon echo buffer
bravo daemon socket
packet bravo echo kernel golf echo system echo hotel
hotel echo buffer echo alpha
daemon bravo bravo golf
foxtrot system alpha daemon
buffer system packet charlie system cipher vector
cipher packet charlie charlie echo vector daemon alpha
system packet cipher daemon
cipher delta system vector hotel hotel echo vector golf
kernel daemon alpha system foxtrot hotel
bravo hotel daemon alpha socket delta charlie
system kernel vector daemon
hotel buffer echo foxtrot echo
delta kernel system hotel echo
bravo cipher echo echo buffer
system packet delta daemon
packet foxtrot delta
foxtrot system system charlie system golf socket bravo
kernel packet system delta
foxtrot delta cipher delta alpha vector
vector socket golf bravo daemon charlie vector
delta foxtrot golf alpha system
vector delta hotel foxtrot vector bravo kernel packet
delta kernel foxtrot packet kernel
golf alpha cipher socket daemon echo
buffer packet daemon charlie echo bravo alpha
socket cipher foxtrot bravo cipher hotel cipher
kernel vector packet bravo system delta socket
vector daemon echo golf alpha cipher socket echo
cipher golf golf golf system cipher
kernel buffer packet
charlie alpha buffer golf daemon daemon cipher delta
packet daemon delta
packet buffer vector packet golf socket vector
alpha socket golf
socket kernel alpha vector daemon cipher packet
alpha system bravo charlie
cipher system echo daemon buffer
socket charlie bravo
foxtrot charlie daemon buffer foxtrot socket cipher cipher
golf alpha cipher vector bravo vector golf bravo system
vector buffer daemon socket socket charlie packet system buffer
alpha kernel echo foxtrot cipher charlie
vector socket echo golf golf foxtrot delta
cipher vector golf packet buffer daemon buffer socket
charlie bravo buffer packet hotel kernel
socket packet charlie buffer echo hotel kernel foxtrot system
system bravo echo cipher hotel bravo daemon hotel daemon
system system socket delta kernel
vector delta foxtrot
socket daemon packet alpha golf alpha vector
socket golf bravo delta
hotel cipher cipher packet kernel
buffer charlie hotel echo
packet echo delta cipher
echo foxtrot daemon
socket buffer system
buffer delta charlie golf daemon echo
daemon vector alpha
foxtrot delta hotel echo socket kernel buffer vector
vector echo alpha
golf foxtrot hotel echo socket
packet kernel golf alpha echo
cipher system echo packet echo golf buffer vector
echo charlie vector charlie
kernel packet socket hotel
golf charlie echo bravo alpha packet alpha packet foxtrot
packet daemon buffer system echo cipher packet golf charlie
foxtrot daemon system hotel
echo cipher bravo foxtrot daemon packet kernel vector
socket system alpha alpha delta system kernel cipher echo
echo echo kernel buffer bravo daemon echo daemon socket
packet vector kernel packet buffer system echo kernel buffer
charlie packet vector foxtrot
delta daemon delta
socket delta hotel packet cipher hotel socket bravo
kernel hotel daemon golf kernel delta
charlie system packet echo daemon
daemon socket socket charlie golf vector alpha foxtrot daemon
echo hotel hotel alpha socket buffer alpha hotel packet
kernel hotel echo echo cipher
system charlie system socket charlie charlie delta
echo delta bravo foxtrot golf alpha charlie
delta socket hotel charlie socket hotel packet buffer
bravo kernel socket hotel bravo delta
buffer packet daemon packet alpha socket bravo foxtrot hotel
socket alpha alpha socket foxtrot charlie echo hotel hotel
kernel cipher vector alpha
daemon daemon packet daemon bravo echo buffer system cipher
hotel golf golf vector kernel vector
golf hotel vector bravo packet echo
cipher alpha hotel
echo packet golf delta kernel
golf vector charlie golf bravo golf foxtrot
packet buffer vector cipher daemon system
vector delta vector golf delta foxtrot
cipher charlie daemon foxtrot vector bravo echo
daemon golf charlie delta delta golf buffer vector
vector buffer charlie socket golf
system cipher hotel foxtrot socket buffer alpha delta
buffer hotel golf
daemon system foxtrot cipher buffer cipher daemon daemon
kernel hotel system golf bravo kernel
buffer vector system delta hotel system charlie
kernel packet cipher hotel delta daemon hotel
hotel hotel echo
cipher alpha delta socket
charlie charlie charlie alpha daemon system echo
socket charlie vector delta buffer
system kernel delta delta charlie
alpha charlie hotel golf system kernel
golf system kernel cipher buffer system
buffer packet golf packet
golf delta alpha cipher packet delta
echo packet system cipher daemon cipher
bravo system kernel
hotel alpha echo golf
echo delta vector
alpha packet echo socket daemon alpha delta hotel
socket socket packet golf daemon buffer bravo
daemon bravo hotel daemon
alpha hotel socket alpha daemon golf bravo packet
charlie system delta packet foxtrot
delta alpha daemon golf vector daemon hotel
system delta golf daemon alpha
bravo bravo bravo cipher foxtrot hotel
hotel packet foxtrot charlie charlie cipher cipher
delta cipher foxtrot golf kernel hotel vector vector cipher
packet cipher kernel foxtrot packet foxtrot
hotel socket daemon packet buffer charlie charlie delta golf
echo daemon alpha daemon charlie delta socket system
kernel foxtrot kernel echo foxtrot charlie delta vector
charlie cipher alpha
hotel kernel socket alpha golf charlie
alpha bravo daemon vector cipher charlie hotel system alpha
foxtrot vector delta hotel alpha delta foxtrot
charlie bravo buffer cipher system
alpha bravo buffer kernel cipher golf
daemon buffer buffer charlie system
hotel daemon buffer vector bravo packet
bravo packet foxtrot
vector daemon hotel echo delta foxtrot foxtrot
foxtrot kernel golf alpha daemon
buffer charlie hotel charlie cipher packet
daemon daemon foxtrot delta kernel bravo kernel
buffer foxtrot hotel packet cipher daemon hotel
daemon socket alpha daemon kernel echo
daemon hotel alpha buffer daemon cipher vector vector buffer
hotel echo cipher foxtrot foxtrot echo socket hotel system
daemon daemon kernel kernel
packet golf socket delta alpha bravo echo charlie
packet bravo packet hotel delta packet vector foxtrot
foxtrot bravo cipher system vector alpha foxtrot
socket hotel vector delta socket cipher hotel
socket vector buffer socket socket delta packet
kernel hotel charlie hotel packet packet
buffer hotel socket packet socket delta kernel
echo hotel system socket daemon
golf daemon hotel socket golf echo
foxtrot packet cipher buffer bravo echo
hotel charlie daemon
hotel daemon bravo daemon daemon echo system hotel hotel
hotel golf daemon
socket hotel socket golf bravo charlie vector
golf packet hotel system
buffer daemon kernel delta foxtrot
system daemon golf golf bravo
kernel buffer cipher packet charlie foxtrot alpha echo
daemon buffer delta echo kernel vector golf socket bravo
foxtrot golf buffer vector
alpha golf cipher alpha packet charlie alpha bravo buffer
alpha buffer buffer echo vector system daemon
charlie echo foxtrot hotel echo delta
buffer daemon cipher charlie packet system daemon packet
foxtrot kernel packet golf
packet buffer bravo cipher
cipher buffer daemon cipher golf buffer foxtrot bravo
bravo charlie hotel echo alpha kernel vector
echo alpha daemon vector alpha echo hotel alpha buffer
echo cipher system vector system
echo bravo cipher buffer foxtrot delta cipher
system golf socket hotel cipher golf system golf
kernel socket alpha daemon echo
buffer kernel kernel hotel socket alpha system socket
daemon packet bravo system charlie
bravo packet golf daemon delta
socket system buffer alpha socket
system vector socket packet hotel
foxtrot system socket foxtrot foxtrot alpha vector golf
cipher alpha system system alpha cipher kernel system vector
packet delta system packet alpha buffer bravo echo
golf golf cipher
echo buffer daemon bravo echo bravo alpha echo
kernel packet alpha
cipher echo system system
charlie kernel delta charlie delta alpha socket
cipher cipher socket kernel packet bravo cipher alpha charlie
delta charlie hotel foxtrot alpha cipher bravo daemon
packet echo socket packet socket
foxtrot packet daemon foxtrot echo
hotel packet daemon
daemon daemon foxtrot foxtrot vector kernel buffer socket delta
echo alpha delta bravo hotel daemon alpha packet
hotel hotel golf hotel delta charlie
daemon daemon delta echo cipher foxtrot golf packet cipher
system buffer system
bravo buffer cipher vector alpha socket foxtrot bravo vector
cipher bravo kernel socket echo alpha
bravo echo hotel vector alpha echo vector hotel socket
system golf hotel bravo cipher
kernel foxtrot echo bravo buffer system
system echo packet alpha golf daemon
kernel echo hotel daemon socket cipher
echo bravo vector socket alpha foxtrot foxtrot packet
packet buffer cipher daemon hotel echo
alpha foxtrot vector socket
cipher vector delta alpha echo cipher socket
hotel system buffer
vector cipher cipher echo kernel
echo cipher cipher
foxtrot packet kernel echo charlie bravo
bravo socket socket hotel
charlie daemon vector vector kernel
packet bravo charlie kernel packet
cipher delta hotel daemon cipher socket foxtrot system socket
golf packet socket socket delta packet foxtrot socket foxtrot
echo delta charlie vector foxtrot echo buffer daemon delta
delta packet vector echo vector socket kernel daemon
hotel packet buffer charlie
system alpha echo hotel alpha delta daemon daemon
system charlie vector system daemon golf
cipher bravo charlie socket bravo charlie bravo system foxtrot
delta alpha foxtrot echo
daemon hotel bravo system kernel hotel charlie echo
buffer alpha alpha delta
cipher alpha echo buffer
alpha socket hotel delta packet golf alpha vector
golf charlie foxtrot hotel charlie
vector kernel hotel
kernel kernel echo bravo
packet kernel buffer
foxtrot cipher golf charlie foxtrot
kernel hotel hotel golf golf delta echo alpha packet
system foxtrot packet bravo hotel vector alpha
foxtrot charlie vector buffer vector kernel daemon charlie daemon
foxtrot packet system daemon hotel
vector alpha delta packet foxtrot
vector golf socket cipher socket buffer vector
vector foxtrot kernel
daemon packet daemon cipher alpha
buffer bravo foxtrot foxtrot charlie kernel
vector echo bravo
hotel vector delta daemon packet buffer alpha cipher golf
echo vector system cipher daemon foxtrot
charlie system vector socket buffer delta kernel daemon socket
delta cipher daemon delta
socket foxtrot alpha alpha
packet buffer echo system alpha socket
charlie charlie charlie charlie vector echo packet echo daemon
cipher golf bravo kernel foxtrot bravo alpha cipher
foxtrot cipher vector delta buffer delta
foxtrot echo socket hotel
system cipher golf daemon foxtrot daemon
golf bravo buffer system
cipher packet system
alpha delta delta delta foxtrot
vector golf charlie golf bravo packet echo
socket alpha delta vector cipher system
bravo vector golf kernel buffer vector vector charlie charlie
buffer daemon foxtrot packet delta vector bravo
foxtrot system golf
system socket golf daemon hotel packet golf
system alpha golf packet
delta echo socket
bravo kernel delta vector delta hotel
foxtrot charlie hotel
golf vector alpha bravo charlie charlie vector alpha echo
cipher delta system system
system charlie system bravo bravo
buffer hotel daemon golf
packet echo packet hotel cipher
echo hotel cipher socket
foxtrot golf daemon
foxtrot daemon hotel kernel delta cipher bravo packet golf
buffer kernel buffer delta alpha
packet socket buffer delta foxtrot alpha bravo foxtrot packet
golf delta charlie socket alpha cipher
daemon alpha kernel
vector buffer cipher cipher vector
packet echo socket hotel echo vector kernel packet
vector golf cipher
golf hotel cipher vector echo cipher daemon kernel
vector charlie charlie echo buffer alpha
socket golf bravo bravo bravo golf kernel echo daemon
vector vector echo foxtrot daemon foxtrot delta alpha
hotel charlie daemon hotel daemon vector bravo packet charlie
foxtrot cipher alpha alpha foxtrot vector
foxtrot alpha alpha delta golf echo socket
vector buffer delta hotel delta vector socket alpha buffer
hotel echo echo kernel
echo cipher system charlie kernel alpha
hotel golf hotel
daemon hotel packet charlie kernel vector charlie
system hotel vector golf
packet golf vector delta bravo daemon echo
packet system charlie vector hotel bravo
cipher charlie cipher buffer hotel golf
buffer kernel delta system bravo daemon golf packet
kernel foxtrot buffer
vector bravo vector daemon
socket foxtrot kernel echo foxtrot
daemon kernel vector vector
cipher bravo charlie
echo foxtrot foxtrot cipher system buffer golf
packet alpha daemon foxtrot echo
charlie charlie foxtrot delta socket cipher foxtrot
system daemon packet echo
daemon golf hotel foxtrot vector system vector
daemon charlie charlie daemon alpha socket echo packet packet
hotel vector packet kernel echo hotel golf
kernel vector golf hotel foxtrot cipher alpha
daemon system packet daemon buffer buffer
socket charlie alpha kernel buffer delta echo hotel
cipher echo vector system socket vector
golf packet kernel delta socket daemon system
kernel echo system
alpha alpha buffer foxtrot bravo hotel bravo
foxtrot foxtrot vector alpha charlie kernel
foxtrot alpha foxtrot daemon alpha
cipher golf alpha
kernel packet vector echo daemon echo foxtrot kernel buffer
charlie vector golf bravo charlie
socket foxtrot buffer system daemon
foxtrot cipher daemon
alpha charlie foxtrot echo charlie alpha
charlie vector alpha hotel system
vector golf hotel hotel system
cipher system packet daemon golf alpha hotel
charlie hotel alpha socket system bravo alpha charlie system
buffer hotel delta foxtrot delta kernel alpha
bravo system packet delta alpha
system bravo echo system packet
hotel delta buffer
system socket buffer packet buffer packet alpha buffer buffer
bravo hotel cipher
vector golf alpha golf delta packet
golf daemon cipher charlie kernel hotel system hotel
delta foxtrot vector
buffer foxtrot daemon system cipher
vector charlie foxtrot vector vector charlie hotel kernel
socket hotel vector bravo
system foxtrot vector echo kernel bravo
charlie system packet hotel bravo delta echo alpha
delta buffer packet daemon packet vector daemon golf golf
echo delta buffer echo buffer daemon charlie vector buffer
system echo daemon hotel buffer golf echo vector
system system system buffer charlie charlie bravo charlie
bravo alpha daemon socket cipher kernel
foxtrot system hotel
vector bravo alpha cipher alpha alpha buffer hotel cipher
packet socket socket charlie packet system system alpha
delta foxtrot hotel golf vector
vector golf golf system charlie buffer cipher
vector daemon hotel
alpha vector alpha bravo foxtrot daemon
delta buffer bravo charlie foxtrot socket system bravo delta
foxtrot buffer foxtrot system alpha daemon
cipher bravo delta kernel system socket system alpha
foxtrot alpha daemon daemon charlie bravo
kernel charlie bravo cipher hotel system vector alpha kernel
buffer charlie alpha golf cipher
alpha golf charlie
daemon buffer echo bravo kernel golf packet
delta system echo
cipher cipher foxtrot hotel delta system packet charlie daemon
system system daemon delta echo charlie
bravo bravo system charlie cipher system daemon
kernel delta system golf kernel echo
vector bravo bravo delta foxtrot socket
bravo golf foxtrot cipher kernel hotel delta charlie
buffer foxtrot alpha alpha daemon foxtrot echo packet
cipher daemon echo
socket golf foxtrot bravo system kernel packet
system system vector
hotel kernel vector hotel daemon packet
kernel charlie hotel golf charlie bravo delta delta
cipher delta packet
socket hotel system vector hotel kernel
bravo charlie socket golf
echo buffer charlie cipher
vector alpha alpha
cipher charlie packet daemon packet foxtrot socket kernel hotel
foxtrot hotel cipher bravo alpha
golf echo socket system
alpha system hotel hotel daemon foxtrot
packet foxtrot buffer cipher charlie
socket echo vector charlie
hotel alpha hotel cipher alpha echo buffer bravo
charlie charlie delta cipher buffer bravo system
vector socket socket bravo kernel socket daemon
alpha daemon charlie hotel charlie alpha
packet daemon packet alpha cipher golf
packet alpha delta golf cipher foxtrot echo socket
cipher cipher buffer charlie hotel hotel alpha buffer foxtrot
alpha echo packet system charlie hotel delta
buffer echo echo kernel alpha daemon
daemon delta buffer vector kernel
hotel buffer hotel
socket golf foxtrot kernel daemon alpha
echo system daemon socket kernel packet kernel cipher
vector golf kernel bravo
delta delta hotel bravo socket vector delta alpha socket
buffer bravo delta buffer
system hotel buffer socket
kernel charlie alpha delta packet vector charlie
foxtrot buffer echo golf vector
foxtrot system cipher foxtrot hotel echo buffer foxtrot
echo hotel foxtrot socket
buffer cipher system buffer alpha system socket system
cipher golf kernel daemon socket alpha alpha foxtrot socket
echo alpha golf system delta cipher golf system
foxtrot socket foxtrot golf system hotel
delta charlie hotel buffer bravo
golf charlie golf cipher socket bravo alpha vector buffer
delta bravo delta kernel vector golf
charlie cipher daemon daemon daemon
kernel cipher hotel
charlie buffer packet bravo echo packet socket cipher foxtrot
buffer golf foxtrot vector golf
packet alpha charlie echo alpha cipher kernel vector packet
buffer hotel charlie buffer charlie
packet kernel kernel socket socket buffer foxtrot
vector socket daemon charlie golf bravo foxtrot hotel kernel
packet socket socket system kernel
daemon daemon alpha foxtrot foxtrot cipher charlie
bravo system golf vector golf hotel
cipher vector golf hotel echo alpha buffer
system charlie bravo charlie
bravo delta buffer alpha delta
hotel alpha echo vector cipher system hotel packet
cipher buffer cipher hotel golf
alpha golf golf system hotel packet socket
bravo daemon cipher bravo daemon
golf packet system hotel bravo hotel buffer vector
alpha golf daemon charlie system socket
vector delta charlie bravo charlie delta socket kernel vector
kernel charlie socket charlie daemon socket delta charlie socket
alpha delta foxtrot packet packet system packet golf
socket cipher vector alpha
delta cipher system vector charlie charlie
daemon socket vector bravo alpha
cipher echo delta
cipher kernel daemon delta bravo golf
cipher golf vector
bravo charlie socket packet socket system vector socket
foxtrot system charlie vector echo echo
alpha charlie bravo alpha
foxtrot golf golf daemon foxtrot foxtrot socket hotel cipher
packet charlie echo daemon daemon alpha daemon vector echo
daemon alpha delta kernel socket system socket vector
golf foxtrot cipher bravo
packet buffer buffer system alpha socket hotel cipher
kernel alpha kernel foxtrot daemon kernel alpha alpha buffer
hotel vector hotel vector system socket socket
bravo foxtrot foxtrot buffer socket golf charlie buffer
vector echo bravo packet hotel
buffer packet delta echo hotel bravo daemon
kernel cipher vector alpha delta charlie vector vector bravo
daemon kernel echo alpha
charlie packet golf charlie foxtrot
kernel delta cipher alpha system
hotel kernel socket delta vector delta delta alpha cipher
hotel golf system golf kernel buffer delta buffer
charlie echo charlie charlie
kernel hotel delta golf
cipher hotel socket echo echo hotel foxtrot
system cipher kernel system
bravo delta alpha kernel delta buffer alpha echo delta
kernel delta charlie buffer
delta daemon delta golf delta charlie charlie socket golf
delta kernel golf
socket foxtrot alpha bravo foxtrot vector
echo alpha bravo hotel foxtrot
buffer alpha echo delta
echo golf packet
hotel cipher packet vector bravo daemon
kernel echo bravo vector daemon socket kernel
echo daemon cipher delta kernel
socket packet cipher kernel bravo cipher vector
alpha vector daemon vector hotel
buffer system kernel charlie delta cipher daemon golf
buffer echo bravo echo echo
packet buffer hotel foxtrot cipher delta golf alpha
foxtrot socket socket kernel
packet hotel delta
foxtrot delta bravo vector system delta kernel delta
vector alpha charlie
echo cipher daemon kernel packet foxtrot
buffer cipher echo socket
golf vector kernel kernel daemon packet system golf bravo
alpha alpha socket daemon delta kernel charlie bravo golf
echo echo alpha golf vector buffer hotel vector
system foxtrot echo foxtrot delta vector
bravo buffer hotel buffer alpha kernel bravo
charlie foxtrot cipher hotel kernel
golf alpha bravo
charlie alpha hotel system charlie bravo
alpha socket packet echo
alpha system golf alpha buffer
foxtrot buffer packet delta kernel hotel delta
delta delta cipher echo socket bravo alpha delta
hotel buffer socket echo charlie
buffer charlie cipher alpha
packet foxtrot system charlie hotel golf cipher hotel socket
vector kernel socket vector cipher golf golf daemon charlie
vector echo echo packet daemon daemon foxtrot cipher packet
kernel echo foxtrot socket delta foxtrot
cipher daemon golf alpha vector hotel
alpha socket daemon bravo golf cipher system vector
system echo alpha delta delta cipher echo daemon charlie
daemon kernel socket bravo golf alpha foxtrot
bravo kernel echo
charlie foxtrot buffer packet daemon cipher
vector charlie alpha
echo packet delta buffer buffer system alpha bravo
delta socket alpha alpha delta system alpha
daemon daemon packet golf alpha echo kernel
vector vector echo foxtrot kernel buffer system socket
hotel packet foxtrot bravo hotel
buffer delta golf golf daemon buffer alpha delta kernel
cipher vector system packet buffer echo foxtrot hotel
kernel cipher cipher hotel charlie socket socket
packet foxtrot golf daemon alpha daemon alpha system vector
golf bravo vector kernel cipher hotel golf buffer hotel
hotel daemon cipher buffer charlie vector vector
vector bravo hotel buffer
delta cipher bravo daemon
kernel socket delta
hotel kernel golf foxtrot cipher alpha socket hotel charlie
buffer socket bravo foxtrot bravo golf daemon
delta vector buffer vector
delta hotel kernel echo
buffer bravo foxtrot echo socket echo socket delta echo
foxtrot alpha packet
echo daemon golf packet kernel kernel
system charlie vector vector alpha cipher packet vector echo
hotel alpha buffer
golf packet bravo alpha alpha echo cipher
hotel hotel vector foxtrot alpha bravo system
delta bravo daemon kernel
alpha echo golf buffer delta
echo delta alpha delta buffer charlie daemon
echo cipher delta
cipher system hotel daemon alpha hotel daemon buffer
buffer charlie socket cipher buffer cipher kernel
delta packet delta golf
buffer echo foxtrot buffer golf buffer
bravo golf packet buffer socket
foxtrot kernel socket packet buffer
kernel alpha foxtrot golf socket alpha echo daemon delta
alpha packet cipher packet daemon system daemon
charlie echo socket packet packet
buffer alpha golf system alpha foxtrot echo system delta
buffer kernel golf delta charlie system cipher bravo
alpha kernel kernel
vector alpha echo kernel packet daemon
socket daemon buffer kernel delta packet
delta vector vector golf bravo
delta kernel golf system
buffer vector buffer charlie bravo alpha golf foxtrot
hotel echo hotel bravo cipher system packet system
daemon foxtrot socket alpha packet
kernel alpha bravo packet cipher hotel
vector packet kernel bravo
charlie foxtrot vector daemon delta hotel foxtrot delta vector
alpha echo hotel foxtrot buffer bravo charlie delta
vector charlie hotel foxtrot hotel alpha echo golf hotel
bravo echo delta delta
bravo charlie alpha delta socket packet
hotel charlie packet hotel bravo system hotel
cipher hotel golf kernel echo daemon vector daemon
echo charlie delta foxtrot vector hotel
system daemon delta kernel golf packet
charlie vector packet golf golf charlie daemon
charlie cipher system vector foxtrot socket packet
alpha alpha alpha buffer packet
daemon vector socket
vector echo packet
buffer golf vector golf foxtrot delta bravo packet
alpha system cipher echo packet
daemon hotel bravo cipher
packet hotel cipher
vector golf charlie charlie kernel socket packet
echo delta hotel alpha vector buffer foxtrot packet foxtrot
system echo alpha system echo buffer alpha echo
delta cipher alpha
socket charlie hotel buffer
alpha foxtrot charlie kernel hotel socket delta
buffer packet delta
alpha socket alpha system buffer socket
delta buffer daemon
vector bravo charlie echo bravo cipher charlie bravo buffer
echo daemon bravo vector delta alpha alpha
buffer golf alpha
alpha echo daemon socket
vector packet packet buffer kernel hotel golf foxtrot
daemon system buffer golf hotel charlie foxtrot
delta delta echo
daemon packet daemon buffer delta bravo socket daemon
vector echo daemon socket alpha vector delta echo bravo
kernel daemon kernel
socket socket system bravo golf kernel
echo vector kernel bravo daemon delta delta vector charlie
golf hotel alpha delta daemon charlie packet
daemon socket vector charlie cipher socket system
socket echo delta alpha bravo alpha golf socket
foxtrot alpha system
socket system foxtrot alpha bravo foxtrot daemon vector socket
vector bravo packet system system hotel foxtrot echo
socket packet hotel
kernel kernel packet
hotel bravo golf golf buffer vector kernel
cipher alpha foxtrot system daemon buffer hotel
socket foxtrot foxtrot golf bravo vector daemon
packet packet hotel foxtrot daemon socket charlie
charlie foxtrot alpha foxtrot socket buffer socket bravo kernel
echo golf delta hotel system foxtrot packet delta vector
bravo socket vector socket socket buffer cipher
delta system packet daemon charlie charlie buffer buffer
golf delta vector kernel kernel socket
hotel socket hotel
daemon hotel charlie daemon hotel socket alpha hotel kernel
golf bravo echo system
echo alpha alpha hotel daemon
buffer kernel socket
charlie vector foxtrot
packet cipher daemon socket echo daemon vector echo
kernel daemon system daemon socket system
cipher delta delta bravo charlie kernel system echo
echo daemon charlie golf
buffer charlie system buffer
bravo socket alpha packet
delta kernel vector alpha kernel buffer vector bravo
system system foxtrot delta buffer charlie packet foxtrot
daemon charlie hotel golf packet
packet system buffer system delta buffer socket golf
golf kernel kernel daemon charlie vector
echo buffer foxtrot hotel buffer delta
charlie daemon vector vector delta hotel echo cipher packet
socket bravo echo foxtrot hotel hotel
echo alpha cipher vector packet foxtrot golf
packet delta cipher foxtrot charlie alpha bravo
hotel charlie vector kernel socket bravo delta hotel
echo vector cipher buffer socket
buffer vector daemon buffer cipher bravo hotel alpha
kernel packet alpha
charlie golf cipher kernel
foxtrot golf kernel daemon
vector hotel socket bravo
alpha socket vector charlie golf socket vector vector delta
buffer system alpha socket kernel buffer kernel
vector alpha buffer vector packet charlie
alpha cipher vector
delta system echo charlie bravo charlie charlie
delta echo packet bravo vector
alpha bravo charlie buffer vector echo daemon charlie
foxtrot buffer alpha
cipher foxtrot packet golf charlie kernel bravo delta system
kernel bravo cipher cipher
bravo daemon daemon kernel
vector socket socket kernel
buffer charlie buffer golf foxtrot cipher hotel
packet vector kernel system
foxtrot hotel golf socket foxtrot golf
buffer buffer packet kernel kernel system alpha
kernel hotel cipher delta vector
socket kernel alpha vector kernel alpha
foxtrot packet daemon alpha socket
vector kernel system kernel charlie system daemon kernel kernel
delta packet buffer alpha echo
bravo echo system alpha packet golf
alpha foxtrot vector
socket foxtrot daemon socket system echo
kernel daemon vector socket vector vector
echo buffer buffer
foxtrot vector echo bravo buffer
vector foxtrot vector foxtrot
charlie cipher packet golf cipher system alpha vector system
vector vector cipher cipher buffer buffer
vector charlie system echo
packet packet echo daemon hotel
golf vector golf cipher bravo echo golf foxtrot echo
buffer kernel foxtrot charlie socket
echo daemon kernel cipher golf echo echo
bravo daemon golf vector cipher kernel golf daemon alpha
packet kernel charlie
alpha echo packet
vector daemon bravo charlie hotel echo cipher cipher system
buffer socket kernel echo
cipher charlie hotel foxtrot
system hotel cipher echo packet delta
buffer echo system daemon kernel vector socket hotel bravo
socket cipher bravo buffer packet
daemon echo alpha golf buffer cipher system delta
packet daemon cipher
socket daemon vector socket
bravo alpha cipher cipher daemon alpha system
hotel foxtrot socket socket echo alpha hotel
packet bravo echo charlie cipher vector bravo alpha
alpha packet delta alpha alpha kernel echo daemon buffer
packet echo foxtrot packet alpha buffer vector golf
delta charlie foxtrot alpha foxtrot charlie packet
alpha hotel charlie golf buffer socket charlie hotel delta
daemon alpha packet
charlie packet charlie buffer echo
system cipher socket charlie kernel hotel charlie bravo daemon
charlie vector kernel daemon kernel daemon kernel
packet hotel cipher kernel bravo kernel golf cipher alpha
echo bravo foxtrot vector bravo delta echo vector
vector daemon kernel alpha foxtrot cipher
bravo charlie charlie
socket system echo vector buffer buffer buffer delta echo
buffer echo buffer
daemon buffer daemon echo
golf foxtrot kernel hotel
vector daemon system
alpha charlie socket golf vector vector
delta kernel system vector kernel
alpha echo bravo packet buffer echo
socket golf vector golf delta echo
golf daemon hotel buffer bravo golf
system kernel cipher
kernel hotel golf charlie bravo kernel
charlie system vector socket delta charlie golf hotel golf
packet alpha system vector golf hotel socket foxtrot
charlie buffer daemon
daemon cipher alpha vector
daemon socket foxtrot
charlie cipher golf buffer system cipher alpha
alpha daemon buffer delta charlie golf bravo golf
packet packet golf buffer cipher packet
daemon foxtrot daemon
vector packet cipher hotel system
foxtrot buffer delta foxtrot daemon
vector kernel hotel system charlie hotel foxtrot
golf daemon foxtrot golf charlie
daemon packet delta packet kernel socket
vector daemon daemon cipher packet
alpha golf system system kernel echo packet buffer cipher
bravo delta delta kernel charlie hotel foxtrot alpha
charlie cipher echo packet
cipher system echo alpha golf
daemon vector daemon golf system
alpha kernel hotel daemon kernel echo
daemon daemon charlie buffer packet
vector system kernel
socket hotel packet alpha kernel
daemon buffer hotel socket
charlie golf socket daemon socket golf echo charlie
golf alpha socket system system delta delta system charlie
foxtrot delta socket hotel system
cipher alpha hotel system charlie
echo vector hotel echo foxtrot daemon alpha
echo hotel foxtrot delta hotel charlie
packet daemon golf
delta echo charlie hotel
daemon socket bravo hotel bravo
buffer buffer golf echo echo
charlie bravo delta packet bravo delta golf
charlie daemon packet golf
socket buffer delta
charlie charlie charlie cipher charlie
foxtrot daemon alpha
cipher bravo system packet
echo cipher hotel charlie cipher kernel cipher
echo socket echo kernel alpha
hotel buffer alpha charlie system kernel foxtrot
alpha charlie buffer
bravo vector buffer kernel cipher
alpha echo kernel buffer buffer
kernel charlie hotel foxtrot charlie golf cipher charlie
vector cipher cipher kernel socket daemon foxtrot
echo vector charlie vector vector charlie charlie
system hotel daemon
cipher system delta socket cipher packet echo
foxtrot daemon hotel alpha alpha alpha foxtrot alpha alpha
system bravo buffer charlie
delta charlie golf kernel
vector daemon hotel foxtrot golf packet
buffer hotel socket system alpha vector packet buffer
cipher hotel delta foxtrot system
packet golf charlie buffer system charlie
kernel charlie socket packet daemon buffer charlie packet hotel
golf delta packet daemon socket socket hotel echo kernel
charlie echo buffer delta hotel packet socket vector golf
bravo socket golf
golf packet cipher
echo bravo bravo packet golf charlie alpha
foxtrot bravo socket buffer echo
socket alpha echo
vector delta socket golf kernel
system charlie alpha hotel foxtrot packet
bravo kernel buffer kernel system socket daemon packet
socket daemon golf
packet kernel buffer daemon vector daemon
system vector echo buffer system cipher delta packet delta
hotel packet echo
kernel packet buffer hotel socket foxtrot hotel bravo
socket system alpha system buffer buffer kernel golf kernel
foxtrot hotel alpha packet
system vector vector socket daemon socket charlie charlie charlie
kernel delta system hotel foxtrot
bravo packet cipher golf
cipher alpha charlie delta alpha alpha bravo echo foxtrot
socket system bravo vector
bravo delta delta buffer
system echo charlie buffer kernel socket cipher hotel vector
socket echo packet echo charlie bravo
kernel cipher delta echo
buffer foxtrot hotel daemon echo buffer socket
socket buffer alpha kernel golf echo
packet charlie cipher vector buffer daemon hotel delta
buffer daemon buffer hotel system daemon golf vector
golf delta alpha cipher bravo hotel packet kernel
system cipher socket alpha vector cipher kernel
charlie packet hotel hotel socket buffer delta kernel alpha
bravo charlie bravo vector echo
packet kernel charlie buffer alpha echo alpha
packet buffer foxtrot echo echo charlie alpha
alpha alpha socket system foxtrot foxtrot foxtrot kernel
alpha packet foxtrot golf
golf delta charlie alpha packet
system system kernel foxtrot delta foxtrot packet delta delta
vector delta socket
vector cipher buffer charlie daemon hotel cipher alpha
cipher foxtrot cipher charlie buffer
foxtrot foxtrot system charlie golf alpha packet alpha hotel
daemon echo socket system
buffer packet system
buffer bravo echo bravo
golf hotel echo alpha alpha delta socket
bravo buffer echo bravo delta cipher kernel
socket buffer golf foxtrot bravo
system golf foxtrot alpha alpha bravo
hotel charlie buffer system cipher
buffer packet buffer kernel vector delta
hotel hotel daemon cipher hotel golf echo
echo packet charlie echo daemon
alpha hotel golf echo
daemon alpha cipher alpha system
echo foxtrot delta packet charlie foxtrot golf packet charlie
hotel bravo delta echo system socket echo
hotel echo buffer echo vector cipher hotel buffer
daemon socket foxtrot alpha vector socket delta charlie
bravo foxtrot kernel
echo packet alpha charlie foxtrot echo
kernel hotel vector foxtrot alpha packet
socket socket system foxtrot socket
hotel bravo bravo
delta socket daemon
golf system alpha alpha delta foxtrot
charlie delta bravo system cipher socket charlie
golf cipher hotel buffer daemon daemon kernel
charlie daemon buffer
charlie daemon echo
socket packet socket golf system golf packet charlie
packet delta cipher socket golf alpha system echo
socket daemon system vector kernel foxtrot foxtrot
cipher alpha charlie golf hotel bravo
foxtrot golf alpha daemon
packet foxtrot golf
bravo foxtrot charlie packet packet socket socket kernel
hotel alpha alpha
foxtrot socket daemon kernel socket daemon delta daemon
alpha bravo daemon foxtrot kernel vector
vector system socket
delta vector echo delta foxtrot cipher socket delta
foxtrot cipher daemon
system foxtrot charlie echo
echo kernel foxtrot alpha
charlie delta golf cipher system cipher bravo packet golf
cipher vector packet echo alpha
daemon vector bravo charlie kernel daemon bravo
cipher daemon cipher foxtrot
socket cipher echo charlie
alpha vector socket charlie vector packet
alpha charlie golf bravo
packet buffer bravo hotel kernel daemon
golf delta bravo echo daemon
socket packet golf
kernel vector cipher
delta socket daemon
buffer system daemon echo echo daemon golf
daemon kernel echo daemon buffer cipher system
kernel vector golf echo packet
alpha socket foxtrot kernel system system
echo vector foxtrot foxtrot kernel vector golf
golf daemon golf hotel foxtrot buffer socket hotel
charlie foxtrot hotel golf vector charlie
cipher cipher buffer
socket bravo daemon kernel bravo socket echo foxtrot
hotel golf packet daemon packet cipher packet cipher hotel
echo daemon charlie charlie foxtrot daemon
vector charlie cipher daemon bravo
system hotel golf daemon echo
golf delta echo buffer kernel
cipher socket foxtrot kernel
socket golf charlie buffer buffer
packet foxtrot system cipher foxtrot bravo daemon echo
bravo golf socket echo socket
socket echo vector kernel system bravo
golf kernel bravo golf socket daemon golf socket
kernel delta alpha socket foxtrot echo cipher delta
alpha foxtrot golf
delta charlie foxtrot delta charlie golf delta kernel
socket packet bravo hotel foxtrot
charlie cipher bravo vector
system daemon cipher
socket echo system packet system cipher hotel echo alpha
foxtrot system system system system packet daemon delta delta
kernel delta vector buffer
golf golf socket socket bravo
alpha buffer bravo system packet system
socket socket kernel cipher daemon daemon charlie echo alpha
kernel socket kernel vector alpha golf buffer foxtrot
socket delta buffer delta system alpha system cipher system
kernel charlie delta kernel charlie vector kernel
delta buffer kernel
charlie cipher foxtrot alpha golf
cipher buffer bravo echo delta vector daemon daemon
cipher daemon golf delta alpha charlie
daemon buffer golf echo golf packet delta daemon
delta socket alpha cipher delta
vector vector buffer cipher system foxtrot vector daemon
charlie hotel vector daemon foxtrot echo vector
system packet packet vector system kernel
daemon charlie golf kernel golf
delta buffer alpha bravo delta
echo echo foxtrot system packet buffer golf packet echo
hotel alpha cipher bravo
alpha bravo system daemon
socket packet socket foxtrot delta
vector foxtrot packet echo bravo buffer vector vector
system bravo system vector
alpha buffer vector delta system buffer
kernel buffer golf
alpha daemon buffer socket packet
golf vector socket daemon echo hotel hotel cipher buffer
foxtrot delta packet daemon foxtrot golf packet golf vector
echo packet delta golf
delta echo system packet socket
foxtrot kernel daemon hotel system vector
foxtrot packet daemon foxtrot
daemon charlie alpha cipher
vector hotel hotel cipher foxtrot
bravo packet charlie daemon delta system delta charlie
charlie alpha echo bravo
charlie echo daemon packet hotel socket
packet hotel kernel system echo golf packet echo
kernel buffer delta socket buffer delta bravo packet
alpha charlie packet buffer
alpha golf hotel daemon echo echo
cipher buffer foxtrot system vector
bravo echo foxtrot daemon bravo
socket bravo alpha daemon delta delta daemon kernel
daemon vector foxtrot delta socket
foxtrot cipher packet charlie echo buffer
vector packet hotel vector packet vector
echo daemon alpha bravo packet system delta charlie
alpha buffer daemon
buffer bravo packet foxtrot golf hotel daemon
packet golf bravo vector daemon daemon bravo delta
packet bravo delta cipher hotel
system socket vector
system vector kernel hotel delta
system cipher delta
packet socket socket system hotel delta socket buffer
charlie hotel daemon buffer foxtrot buffer hotel golf
system kernel vector delta system foxtrot system
golf foxtrot golf echo
foxtrot daemon packet vector
kernel echo delta bravo
packet delta alpha hotel packet cipher foxtrot
vector charlie socket daemon hotel socket
kernel delta system system echo golf golf
buffer buffer bravo buffer
hotel bravo charlie system echo kernel vector
kernel foxtrot vector
kernel alpha socket
packet golf cipher echo hotel
golf charlie cipher bravo packet daemon hotel socket buffer
hotel foxtrot hotel
charlie system hotel kernel system daemon system
packet daemon daemon echo foxtrot golf
cipher system buffer socket
socket kernel foxtrot alpha golf hotel
vector bravo hotel delta
daemon vector delta
system delta bravo delta
hotel bravo packet echo charlie socket charlie
bravo echo alpha delta foxtrot daemon packet delta socket
vector vector system cipher hotel echo packet
echo delta golf vector socket buffer
echo system cipher hotel hotel delta golf daemon system
bravo buffer socket
charlie kernel hotel system kernel vector system
packet golf buffer
system delta kernel
foxtrot golf golf
cipher echo kernel buffer buffer alpha hotel daemon
cipher system charlie buffer foxtrot
foxtrot charlie packet echo golf alpha
foxtrot socket alpha socket vector socket
delta socket foxtrot delta echo socket foxtrot buffer
system bravo hotel hotel packet vector
hotel echo daemon hotel
cipher vector buffer daemon
alpha kernel echo system
golf alpha alpha golf socket golf cipher charlie system
alpha charlie socket alpha echo system system buffer charlie
buffer echo alpha delta system kernel
buffer system delta charlie bravo
foxtrot vector socket hotel
daemon delta buffer packet kernel
delta alpha delta kernel packet system cipher
daemon foxtrot charlie vector vector
daemon bravo cipher
charlie cipher delta packet daemon echo alpha hotel
alpha daemon cipher
packet charlie alpha echo daemon golf charlie daemon hotel
cipher kernel buffer
socket hotel socket alpha alpha
alpha bravo foxtrot foxtrot packet cipher delta echo delta
hotel buffer socket cipher
kernel alpha foxtrot echo socket packet delta
system buffer alpha
buffer kernel cipher echo socket foxtrot bravo
alpha kernel cipher delta kernel daemon kernel vector kernel
hotel daemon cipher system hotel alpha foxtrot
vector charlie bravo cipher
echo golf foxtrot
echo buffer hotel kernel cipher packet vector cipher
hotel charlie foxtrot
charlie packet golf golf packet packet daemon
cipher delta system socket foxtrot hotel alpha packet bravo
foxtrot buffer echo alpha
alpha daemon packet
alpha vector socket bravo kernel echo delta daemon
foxtrot hotel cipher cipher golf system vector cipher
vector packet kernel system alpha
bravo charlie echo
socket echo daemon golf daemon delta foxtrot
buffer kernel charlie charlie
system echo charlie kernel golf buffer cipher system kernel
vector hotel golf delta alpha packet system golf alpha
vector kernel delta packet system vector daemon bravo
delta cipher golf charlie kernel bravo cipher alpha bravo
delta foxtrot buffer golf hotel delta hotel socket echo
hotel cipher alpha bravo daemon daemon
golf socket foxtrot golf delta cipher
kernel foxtrot kernel echo
kernel system daemon packet cipher socket foxtrot charlie
cipher hotel cipher kernel hotel kernel kernel cipher
foxtrot vector golf charlie socket charlie
echo echo system kernel bravo echo system golf
hotel daemon daemon bravo hotel cipher cipher packet
foxtrot socket hotel echo system
charlie buffer bravo kernel buffer hotel bravo alpha
socket delta socket vector system echo system
packet vector socket foxtrot system delta packet bravo packet
charlie foxtrot buffer delta alpha
alpha bravo kernel
daemon alpha buffer socket kernel foxtrot golf golf
bravo packet delta buffer alpha charlie
buffer golf delta foxtrot golf foxtrot hotel daemon buffer
cipher foxtrot daemon buffer hotel
packet bravo kernel system charlie
socket delta kernel echo system system
packet packet golf echo buffer alpha
daemon system system charlie delta socket golf packet
daemon system delta kernel bravo bravo kernel system
bravo daemon daemon
daemon kernel cipher system
bravo cipher delta
hotel foxtrot charlie packet daemon
bravo golf cipher
charlie bravo packet
packet socket echo kernel
daemon golf golf foxtrot buffer daemon cipher
charlie kernel echo packet packet foxtrot system alpha system
kernel hotel buffer vector golf socket charlie bravo
alpha foxtrot vector echo socket packet
alpha cipher charlie echo buffer daemon alpha delta
buffer system golf golf
charlie packet vector packet buffer cipher golf
charlie vector buffer cipher system bravo delta echo
socket charlie echo socket bravo echo
alpha delta packet
kernel system alpha socket echo socket socket echo
charlie system cipher buffer kernel cipher system socket vector
bravo hotel kernel delta delta system daemon kernel daemon
bravo packet charlie foxtrot bravo kernel daemon
buffer charlie alpha cipher foxtrot cipher
daemon system buffer hotel hotel vector bravo vector
delta echo delta kernel vector vector kernel vector packet
cipher system buffer echo
golf delta echo echo golf daemon vector vector
vector daemon bravo
daemon vector charlie
kernel buffer foxtrot packet kernel daemon
daemon socket cipher packet alpha
delta packet echo charlie foxtrot golf
alpha delta delta alpha hotel vector daemon
packet golf bravo charlie system golf system echo
echo cipher bravo packet bravo echo
bravo system buffer charlie bravo charlie kernel delta
alpha cipher daemon bravo charlie
charlie cipher vector delta packet daemon system buffer packet
foxtrot hotel delta foxtrot buffer echo golf echo
bravo alpha kernel hotel hotel alpha vector
packet alpha echo hotel kernel system system buffer
foxtrot cipher buffer charlie bravo socket foxtrot echo
delta golf hotel vector packet
socket cipher echo echo system kernel alpha daemon
kernel hotel echo golf echo golf bravo packet
daemon alpha hotel packet socket socket vector alpha
hotel charlie daemon daemon system packet
packet cipher delta bravo foxtrot system cipher kernel
foxtrot echo vector alpha vector packet delta
daemon bravo system alpha foxtrot alpha
bravo hotel hotel
kernel golf charlie daemon buffer socket buffer echo system
charlie kernel hotel alpha cipher echo foxtrot golf golf
buffer daemon cipher echo bravo charlie golf
system packet foxtrot buffer buffer
daemon socket daemon vector socket echo buffer kernel bravo
buffer daemon delta delta echo cipher
system foxtrot bravo daemon packet system
charlie packet kernel buffer
socket packet vector echo bravo daemon echo kernel charlie
alpha vector socket
buffer echo packet system delta foxtrot daemon foxtrot socket
system daemon foxtrot foxtrot cipher
socket bravo system packet hotel buffer buffer socket
socket alpha golf
charlie cipher bravo
hotel echo buffer system daemon charlie cipher cipher
alpha alpha buffer hotel delta foxtrot hotel
bravo packet hotel hotel cipher golf cipher
golf echo bravo daemon buffer
packet kernel daemon socket
kernel echo bravo socket system echo vector socket
alpha system daemon socket hotel
buffer delta foxtrot packet buffer alpha
kernel charlie bravo buffer system delta alpha echo golf
cipher buffer daemon
buffer socket system
bravo vector charlie golf system
system cipher kernel system cipher hotel system system
packet alpha bravo foxtrot
foxtrot buffer packet socket socket buffer socket charlie buffer
socket echo packet cipher system delta
socket daemon foxtrot daemon alpha charlie cipher packet foxtrot
system delta daemon
echo buffer cipher
golf alpha system
golf daemon hotel delta kernel system
vector daemon alpha vector packet buffer golf delta buffer
daemon daemon foxtrot delta delta echo buffer foxtrot
golf echo cipher daemon echo delta echo cipher
hotel buffer daemon buffer echo socket charlie
delta golf socket vector vector buffer charlie daemon
echo daemon golf alpha bravo packet system socket echo
bravo cipher charlie charlie
cipher cipher cipher system hotel
system socket charlie alpha socket system echo
foxtrot golf hotel hotel bravo charlie alpha bravo foxtrot
system golf cipher buffer delta
charlie foxtrot foxtrot
system vector socket socket hotel
daemon hotel alpha bravo vector packet alpha echo alpha
foxtrot foxtrot hotel charlie socket
hotel vector cipher hotel delta kernel daemon system kernel
system hotel daemon golf foxtrot foxtrot bravo
daemon vector echo socket socket
echo kernel bravo alpha socket foxtrot echo daemon
cipher cipher cipher socket socket echo
buffer delta golf foxtrot buffer delta system bravo golf
echo bravo bravo
socket golf cipher kernel delta buffer daemon
delta packet alpha cipher socket kernel
vector system echo kernel buffer daemon delta vector delta
bravo socket system vector system packet golf
echo delta alpha delta golf golf hotel alpha
cipher system vector packet vector daemon
charlie alpha alpha socket bravo alpha bravo
system packet system alpha golf cipher
echo alpha foxtrot system foxtrot system hotel
charlie foxtrot cipher alpha daemon foxtrot
foxtrot buffer echo delta system vector golf alpha alpha
buffer foxtrot alpha bravo cipher alpha kernel golf packet
charlie socket foxtrot system packet alpha system system packet
socket bravo socket
cipher charlie golf daemon golf
alpha echo cipher echo socket daemon socket echo
echo kernel bravo alpha
charlie kernel charlie alpha delta bravo cipher system socket
echo foxtrot golf charlie bravo
delta packet foxtrot socket echo socket cipher foxtrot buffer
system charlie packet golf socket hotel charlie
vector cipher cipher delta buffer charlie
foxtrot cipher golf foxtrot kernel echo daemon echo
kernel foxtrot buffer kernel charlie foxtrot cipher hotel
socket golf vector
kernel vector buffer alpha
hotel bravo alpha kernel kernel
system delta foxtrot buffer packet packet alpha system kernel
daemon packet hotel
golf bravo buffer socket
daemon hotel packet foxtrot packet
system foxtrot alpha echo charlie alpha echo system cipher
vector golf daemon cipher
socket buffer alpha
daemon buffer foxtrot echo delta
echo bravo alpha bravo foxtrot hotel packet
hotel socket system daemon
hotel alpha bravo foxtrot charlie socket packet
foxtrot hotel system hotel cipher
system charlie delta
socket system golf bravo daemon
foxtrot buffer echo socket alpha hotel golf
golf buffer foxtrot cipher daemon kernel packet buffer
kernel golf socket socket charlie
buffer bravo charlie buffer
golf golf foxtrot buffer delta echo cipher
kernel cipher echo
alpha alpha echo
hotel echo delta socket packet packet
daemon echo foxtrot
daemon kernel echo socket
kernel bravo bravo
kernel buffer bravo foxtrot daemon
bravo foxtrot bravo charlie alpha vector delta packet
daemon alpha socket echo vector
cipher cipher hotel buffer kernel packet
hotel foxtrot golf echo socket daemon packet
socket buffer delta system hotel alpha foxtrot hotel
alpha echo echo golf hotel hotel vector kernel
alpha cipher system charlie socket foxtrot echo
socket system system golf vector hotel system golf
bravo delta kernel vector cipher vector daemon cipher
echo system hotel echo cipher alpha echo packet foxtrot
delta cipher delta buffer daemon buffer kernel echo socket
charlie system buffer socket vector bravo
system alpha daemon golf socket
charlie charlie packet charlie socket delta
delta hotel alpha bravo golf socket
daemon hotel foxtrot packet
alpha charlie bravo socket daemon hotel packet
socket socket socket kernel echo kernel
packet foxtrot vector charlie kernel alpha cipher kernel
delta delta vector
golf foxtrot charlie delta vector buffer
foxtrot foxtrot vector
cipher socket kernel vector cipher socket system
echo buffer system buffer echo system delta bravo
delta vector golf foxtrot foxtrot socket socket socket
foxtrot alpha golf foxtrot buffer
golf delta kernel daemon vector system
packet charlie daemon vector echo socket
golf bravo system daemon golf foxtrot system
socket foxtrot bravo charlie bravo delta buffer vector system
hotel cipher vector system hotel golf
cipher charlie daemon cipher hotel hotel
socket golf bravo daemon daemon charlie
kernel charlie echo
vector cipher alpha
foxtrot bravo system golf
hotel hotel delta foxtrot buffer charlie packet delta
system foxtrot golf charlie buffer daemon system echo buffer
charlie golf foxtrot charlie foxtrot hotel buffer golf charlie
foxtrot vector foxtrot vector buffer bravo
daemon bravo alpha cipher
socket packet system charlie golf
packet bravo daemon
vector delta daemon
kernel echo delta system
bravo kernel charlie echo packet packet golf charlie foxtrot
golf foxtrot charlie
charlie buffer socket kernel alpha system vector
delta socket daemon alpha socket delta socket
alpha cipher alpha hotel foxtrot foxtrot
hotel kernel alpha
bravo echo foxtrot cipher
delta hotel golf hotel foxtrot charlie vector
foxtrot vector golf bravo kernel packet bravo packet golf
bravo daemon daemon foxtrot
vector kernel golf packet foxtrot kernel system socket
socket foxtrot charlie golf daemon vector socket
kernel kernel system
alpha echo charlie system packet hotel kernel hotel
echo golf delta echo golf golf buffer buffer delta
daemon hotel socket foxtrot bravo charlie cipher delta
hotel cipher daemon hotel charlie hotel
golf system echo golf daemon cipher vector
foxtrot delta golf
delta charlie charlie foxtrot delta bravo golf alpha
buffer echo foxtrot foxtrot
golf vector echo golf socket vector
bravo hotel hotel kernel delta
packet foxtrot daemon
packet vector foxtrot
charlie daemon delta hotel bravo cipher vector
delta cipher cipher delta alpha foxtrot
system bravo cipher socket alpha
alpha charlie daemon hotel delta
packet socket alpha charlie socket
system buffer charlie system echo vector golf golf
cipher vector alpha alpha golf echo daemon
packet packet daemon socket
system vector kernel echo delta charlie socket
kernel golf packet daemon hotel cipher foxtrot packet
vector golf packet packet foxtrot vector daemon system
kernel socket golf hotel golf alpha kernel bravo bravo
bravo delta cipher foxtrot
delta cipher charlie vector foxtrot bravo bravo echo kernel
bravo system buffer echo echo
buffer system hotel packet vector alpha
bravo packet kernel hotel bravo daemon
charlie charlie buffer
bravo socket socket socket
kernel charlie kernel buffer alpha daemon vector
alpha echo alpha delta
delta hotel daemon bravo daemon cipher socket system buffer
foxtrot buffer buffer system daemon
echo alpha packet kernel
vector cipher bravo vector buffer socket packet daemon kernel
echo system packet buffer
alpha bravo cipher alpha foxtrot hotel
delta charlie packet buffer charlie daemon cipher
cipher packet foxtrot hotel alpha charlie packet kernel
alpha vector packet vector echo
socket charlie echo foxtrot golf kernel socket cipher buffer
foxtrot echo foxtrot delta vector echo foxtrot alpha
system system socket
vector daemon system
echo foxtrot alpha golf alpha charlie buffer
delta kernel daemon packet cipher packet
buffer golf socket alpha charlie vector bravo bravo echo
alpha golf socket echo echo
echo bravo hotel buffer packet
system daemon bravo
vector delta vector bravo delta golf hotel vector bravo
buffer foxtrot cipher bravo vector delta packet
hotel echo alpha buffer daemon bravo alpha
system echo cipher packet bravo daemon buffer alpha golf
daemon kernel vector kernel bravo system buffer socket
hotel bravo kernel packet bravo packet bravo
foxtrot alpha cipher alpha
packet hotel delta kernel bravo
delta hotel packet delta echo vector hotel
golf daemon system system socket
echo kernel cipher golf kernel daemon alpha buffer kernel
echo golf vector foxtrot echo vector bravo vector
golf socket buffer
daemon kernel bravo charlie buffer hotel bravo
socket vector foxtrot echo
foxtrot golf charlie packet vector system cipher daemon packet
bravo delta hotel bravo cipher socket
golf buffer kernel
daemon delta bravo
kernel golf charlie socket
kernel delta bravo cipher
socket packet delta bravo alpha alpha hotel
charlie vector delta packet cipher alpha daemon
packet vector system cipher vector
system golf golf echo socket daemon
buffer cipher foxtrot delta kernel kernel
foxtrot system delta echo charlie foxtrot kernel echo foxtrot
golf bravo alpha golf foxtrot
golf cipher hotel system cipher charlie packet
golf bravo system daemon daemon daemon alpha
hotel alpha bravo alpha foxtrot alpha daemon charlie echo
vector delta charlie alpha socket buffer foxtrot echo socket
socket vector bravo system
hotel daemon bravo delta foxtrot kernel echo
system foxtrot cipher charlie buffer alpha
vector alpha charlie alpha system alpha foxtrot alpha
system cipher vector charlie alpha hotel echo
cipher delta cipher alpha socket foxtrot vector echo
bravo cipher alpha charlie daemon socket bravo echo packet
system golf kernel
kernel bravo socket alpha echo
socket socket echo delta
foxtrot daemon echo delta hotel daemon echo alpha
packet golf vector packet cipher packet bravo cipher
golf system kernel alpha
buffer packet golf bravo alpha echo
foxtrot bravo buffer
kernel golf foxtrot packet
system bravo bravo alpha
hotel golf hotel hotel socket
daemon socket socket packet delta echo
golf vector delta vector foxtrot cipher cipher packet
daemon vector delta charlie
delta system vector socket hotel
hotel kernel golf echo golf charlie packet
delta bravo echo cipher vector
golf foxtrot cipher delta delta
socket kernel echo buffer cipher socket vector
golf charlie bravo foxtrot delta packet foxtrot
kernel hotel vector hotel cipher alpha foxtrot alpha socket
golf bravo daemon vector foxtrot charlie bravo kernel
golf charlie charlie golf
foxtrot bravo packet alpha
golf golf cipher bravo charlie buffer cipher hotel
golf echo vector kernel golf socket socket daemon
daemon hotel socket kernel hotel foxtrot golf kernel buffer
cipher kernel system
hotel delta buffer echo bravo hotel alpha buffer system
cipher vector foxtrot kernel hotel
buffer charlie vector hotel golf packet vector echo hotel
charlie vector system
bravo socket buffer
socket echo system delta bravo socket
charlie alpha charlie socket echo
socket echo buffer socket buffer kernel delta
socket daemon vector golf daemon packet echo vector
daemon system alpha golf alpha hotel buffer
echo bravo charlie socket
delta delta alpha foxtrot foxtrot echo
alpha kernel kernel
charlie foxtrot delta kernel hotel bravo system bravo
cipher hotel delta bravo foxtrot vector echo
bravo buffer packet charlie daemon hotel echo
buffer vector foxtrot echo hotel alpha buffer
echo system system bravo
system hotel golf foxtrot system vector daemon hotel
system foxtrot system buffer charlie bravo
alpha buffer foxtrot charlie system
socket bravo socket
foxtrot hotel kernel golf system vector vector packet buffer
golf delta packet buffer cipher bravo socket hotel
echo echo kernel hotel golf kernel buffer vector
alpha packet bravo daemon delta vector vector
delta packet packet golf golf daemon golf echo echo
vector vector daemon delta system hotel alpha echo
system delta alpha socket
kernel alpha socket socket daemon system hotel hotel
daemon foxtrot vector golf packet cipher foxtrot
golf hotel system system kernel cipher packet charlie kernel
golf alpha echo
alpha alpha system
alpha socket socket packet buffer socket cipher
bravo daemon hotel packet
vector kernel delta
buffer delta bravo alpha hotel golf
system hotel charlie cipher delta vector vector vector kernel
echo buffer delta echo
cipher delta delta vector socket foxtrot socket vector
hotel packet cipher charlie echo daemon
alpha hotel delta packet
bravo cipher packet
delta delta socket
cipher bravo bravo alpha packet delta packet echo
foxtrot system alpha cipher delta buffer
echo vector alpha
charlie echo socket hotel vector socket daemon alpha bravo
system alpha cipher echo delta
packet charlie alpha
system bravo cipher foxtrot
packet kernel socket kernel socket daemon buffer
socket buffer charlie bravo socket alpha cipher kernel
vector cipher buffer socket socket alpha alpha daemon
foxtrot system packet system packet buffer echo alpha alpha
alpha buffer daemon system
foxtrot charlie echo system alpha kernel daemon foxtrot
system packet hotel bravo cipher system hotel
cipher vector buffer socket foxtrot hotel buffer socket
alpha buffer delta alpha hotel cipher echo
alpha socket cipher vector socket bravo bravo
cipher vector system delta kernel daemon
foxtrot kernel delta charlie system socket
golf kernel delta cipher cipher cipher hotel cipher
charlie hotel buffer daemon buffer hotel echo
socket packet daemon buffer cipher
vector alpha echo cipher
echo echo charlie
golf cipher echo daemon foxtrot
alpha kernel system delta cipher cipher packet
packet daemon alpha foxtrot hotel golf cipher cipher
socket charlie foxtrot alpha foxtrot
cipher socket alpha daemon delta daemon daemon
packet packet echo echo system delta alpha
buffer cipher daemon foxtrot alpha
system buffer alpha packet packet socket kernel
packet cipher cipher golf delta
alpha socket system kernel packet
system delta daemon kernel alpha
bravo cipher cipher golf vector hotel packet daemon charlie
vector system buffer alpha echo vector golf
alpha echo system alpha packet
hotel golf socket cipher system socket
alpha foxtrot socket vector foxtrot daemon hotel daemon charlie
buffer golf echo foxtrot charlie hotel delta golf
delta foxtrot cipher
socket kernel buffer
cipher packet daemon
foxtrot kernel echo delta golf foxtrot
golf alpha foxtrot echo
echo buffer vector kernel echo system bravo golf delta
cipher buffer golf echo packet cipher
charlie system golf foxtrot vector vector echo charlie
cipher alpha echo charlie golf cipher golf bravo system
echo socket foxtrot
daemon hotel alpha charlie
kernel delta daemon alpha golf
daemon cipher cipher bravo
socket hotel buffer
buffer cipher vector packet alpha hotel echo
system bravo foxtrot foxtrot daemon system kernel
bravo vector kernel socket system hotel socket delta foxtrot
hotel alpha alpha daemon buffer
alpha packet packet
daemon echo socket charlie hotel charlie
kernel daemon delta foxtrot daemon golf echo packet
bravo vector alpha hotel
packet daemon buffer daemon charlie packet delta cipher system
golf vector charlie
echo delta bravo charlie bravo charlie kernel
buffer cipher golf packet bravo buffer alpha vector packet
system socket socket socket socket
socket cipher delta socket daemon socket
echo charlie buffer hotel buffer
buffer charlie socket buffer kernel delta bravo alpha
foxtrot alpha kernel cipher hotel golf bravo buffer daemon
charlie vector packet
system delta charlie
system charlie kernel bravo socket daemon system golf
kernel system bravo packet echo foxtrot socket alpha alpha
cipher kernel alpha hotel echo
kernel golf golf golf charlie packet buffer kernel
charlie system foxtrot alpha
hotel alpha system alpha system cipher system system kernel
daemon daemon foxtrot foxtrot vector
golf socket bravo
packet daemon alpha
echo bravo cipher buffer buffer
daemon socket cipher cipher socket kernel bravo alpha alpha
vector daemon delta
alpha echo vector cipher
buffer cipher echo charlie buffer cipher
delta golf daemon system kernel daemon system
bravo daemon delta hotel foxtrot golf golf kernel
packet socket echo alpha bravo charlie alpha bravo socket
bravo daemon socket buffer delta hotel golf
bravo delta system packet buffer vector packet
foxtrot golf socket
cipher bravo alpha packet vector
golf hotel bravo buffer vector foxtrot bravo packet packet
golf charlie echo
alpha echo delta golf golf hotel socket
packet daemon packet delta bravo delta
cipher vector hotel echo system foxtrot hotel hotel
delta hotel daemon bravo packet system delta foxtrot echo
golf packet bravo hotel bravo alpha buffer
bravo vector kernel
cipher cipher hotel
hotel kernel vector buffer
bravo echo delta alpha echo charlie foxtrot packet
alpha foxtrot echo alpha vector echo
golf system foxtrot vector golf charlie kernel buffer hotel
hotel alpha charlie delta alpha
charlie charlie delta alpha cipher delta system bravo
alpha bravo vector echo kernel hotel foxtrot cipher
vector charlie socket vector kernel system foxtrot packet
daemon hotel system socket kernel echo daemon daemon vector
charlie hotel system vector
kernel delta bravo hotel daemon buffer
socket hotel buffer daemon alpha foxtrot kernel socket
bravo vector kernel bravo golf hotel cipher golf system
bravo delta daemon alpha foxtrot system
delta golf cipher alpha
packet bravo delta
alpha foxtrot delta echo
alpha system system
hotel bravo echo
bravo hotel charlie kernel system cipher charlie cipher daemon
buffer vector delta foxtrot vector
daemon bravo echo bravo buffer
echo system buffer bravo packet socket vector delta kernel
hotel alpha alpha charlie hotel packet
socket system alpha delta socket kernel cipher vector
hotel bravo kernel
alpha kernel packet alpha echo daemon daemon packet
golf golf packet vector
system golf charlie system charlie
bravo golf delta hotel
buffer echo hotel vector echo foxtrot
vector bravo golf hotel cipher
golf cipher foxtrot delta cipher
daemon kernel charlie daemon hotel delta cipher
delta kernel vector bravo vector charlie vector charlie
daemon hotel vector buffer charlie alpha
packet golf hotel system packet bravo foxtrot charlie kernel
charlie delta system packet cipher daemon hotel
delta cipher foxtrot hotel charlie system daemon alpha
golf daemon delta charlie golf charlie alpha
alpha system charlie
hotel vector hotel echo kernel system charlie foxtrot
bravo packet foxtrot echo packet golf echo daemon socket
bravo socket kernel alpha
daemon bravo socket system kernel cipher system socket
system golf alpha cipher
bravo delta charlie
charlie system alpha vector golf buffer buffer echo
socket charlie charlie kernel
bravo hotel hotel foxtrot daemon alpha delta buffer
vector alpha foxtrot
foxtrot buffer system
packet daemon kernel golf daemon charlie system
golf socket socket system foxtrot
vector bravo echo echo foxtrot
kernel alpha delta golf socket vector
echo system socket hotel foxtrot kernel buffer
bravo delta charlie system buffer daemon
alpha socket golf daemon socket kernel
alpha socket charlie packet system system
socket kernel delta
cipher hotel charlie golf delta socket hotel kernel socket
delta daemon vector system kernel
daemon packet buffer foxtrot kernel
hotel golf echo vector
socket alpha packet kernel daemon alpha system foxtrot daemon
system bravo buffer
hotel alpha bravo buffer alpha charlie buffer charlie
packet daemon buffer hotel charlie charlie buffer echo
alpha system bravo vector cipher packet echo daemon bravo
packet cipher cipher
charlie system packet
echo daemon alpha foxtrot echo charlie
cipher echo buffer
system daemon foxtrot cipher buffer
alpha hotel buffer hotel system buffer socket
buffer socket socket delta
golf echo delta cipher hotel socket cipher buffer bravo
packet hotel packet charlie hotel system socket golf
buffer socket kernel golf delta hotel daemon system
echo cipher packet
packet foxtrot socket foxtrot socket system alpha vector
echo charlie vector socket
bravo alpha bravo socket packet echo daemon
golf bravo vector echo vector
alpha kernel daemon cipher
alpha system alpha charlie daemon
echo echo alpha socket
alpha daemon buffer daemon buffer alpha vector socket daemon
hotel system delta vector vector foxtrot system
packet delta cipher hotel echo echo vector foxtrot buffer
charlie hotel charlie buffer
cipher hotel system foxtrot delta packet echo
packet echo daemon foxtrot golf vector
golf delta system packet golf kernel kernel system
charlie kernel delta delta daemon golf buffer
packet alpha hotel cipher delta
charlie alpha buffer delta echo
daemon delta delta alpha hotel charlie delta hotel
alpha hotel bravo bravo delta socket
vector hotel bravo delta socket daemon
hotel delta packet vector vector
system echo vector alpha socket charlie
daemon cipher alpha bravo delta
golf socket cipher system bravo socket hotel
kernel packet kernel foxtrot packet golf alpha vector
alpha vector vector buffer
socket vector echo delta vector bravo
delta system daemon
socket delta packet echo packet charlie buffer
daemon buffer buffer system buffer hotel
golf golf cipher echo charlie delta charlie
alpha packet daemon
system packet kernel vector charlie cipher cipher
buffer foxtrot alpha socket bravo cipher packet cipher
hotel golf socket delta hotel delta packet system
charlie foxtrot socket socket system hotel
foxtrot daemon vector packet socket socket system delta
charlie kernel socket golf buffer
buffer cipher vector bravo daemon kernel daemon
alpha vector packet
kernel hotel charlie cipher socket charlie
system bravo delta echo hotel charlie buffer charlie
hotel kernel foxtrot system golf bravo bravo
packet golf cipher bravo packet buffer
packet system echo daemon buffer daemon buffer hotel hotel
alpha kernel alpha daemon
kernel delta hotel echo bravo
bravo hotel packet cipher
delta alpha foxtrot alpha
charlie foxtrot cipher cipher cipher
daemon hotel alpha echo buffer vector cipher delta alpha
vector packet kernel daemon charlie daemon alpha
daemon buffer buffer hotel vector kernel kernel foxtrot
alpha charlie cipher daemon alpha packet vector
charlie buffer delta foxtrot packet socket system
charlie charlie alpha
foxtrot system buffer hotel
buffer alpha kernel
vector charlie daemon echo packet golf kernel vector socket
daemon alpha golf
packet foxtrot echo
cipher buffer system vector
system foxtrot charlie packet cipher cipher packet cipher daemon
daemon hotel bravo
hotel alpha hotel socket echo
foxtrot packet charlie alpha delta
echo bravo foxtrot cipher packet
charlie charlie packet vector
hotel buffer kernel echo
socket bravo foxtrot foxtrot
daemon golf cipher charlie charlie kernel
echo vector buffer cipher system cipher packet alpha daemon
daemon buffer daemon delta
delta hotel daemon
daemon echo delta bravo
system buffer foxtrot packet daemon kernel charlie
buffer vector cipher golf packet alpha
golf vector daemon alpha cipher cipher buffer charlie
kernel system kernel kernel daemon socket golf
vector golf bravo golf cipher
hotel golf echo alpha vector cipher vector
hotel bravo alpha hotel system golf charlie vector
golf socket echo
buffer echo packet cipher
buffer buffer foxtrot system daemon packet cipher bravo
daemon golf daemon
echo socket system delta vector echo kernel
echo delta delta
foxtrot buffer charlie kernel echo
echo system alpha
cipher socket vector alpha alpha hotel echo packet
vector kernel system
cipher socket golf buffer
foxtrot delta delta system bravo socket
foxtrot packet hotel charlie
bravo vector golf packet daemon charlie
echo buffer charlie hotel
buffer charlie hotel cipher golf
foxtrot cipher echo golf cipher
golf echo vector alpha daemon golf alpha socket charlie
buffer socket alpha packet
buffer charlie foxtrot
golf bravo daemon daemon charlie system cipher
socket bravo foxtrot charlie
bravo system vector bravo socket echo bravo daemon alpha
kernel golf golf foxtrot socket alpha
vector buffer alpha socket alpha alpha alpha daemon
kernel packet packet packet golf foxtrot golf
golf socket packet system
kernel packet kernel
charlie system charlie golf delta packet
buffer kernel kernel charlie
kernel system golf cipher vector socket system socket packet
charlie kernel kernel bravo hotel echo
alpha foxtrot kernel hotel alpha
charlie socket alpha kernel packet system golf socket
hotel alpha vector bravo foxtrot hotel
hotel delta buffer bravo daemon hotel kernel system
packet buffer vector buffer golf kernel cipher cipher golf
golf vector alpha daemon
bravo socket vector foxtrot daemon daemon kernel system
alpha buffer charlie alpha
socket socket bravo delta
echo alpha delta
bravo foxtrot echo buffer cipher packet socket
echo echo buffer cipher
buffer system system echo delta delta cipher
echo socket golf cipher hotel foxtrot cipher
delta echo vector system socket delta vector system echo
golf daemon socket vector buffer bravo
alpha buffer socket kernel echo hotel golf echo
delta socket delta cipher daemon system charlie echo golf
foxtrot alpha golf
socket alpha kernel system
socket daemon vector vector golf packet bravo delta foxtrot
hotel alpha foxtrot bravo daemon daemon cipher golf
foxtrot kernel cipher
vector cipher hotel foxtrot
buffer socket golf packet daemon delta delta
delta golf foxtrot
packet hotel daemon kernel hotel charlie
cipher vector bravo charlie echo golf packet golf packet
foxtrot packet hotel echo golf kernel
system packet foxtrot golf
system delta delta hotel daemon echo daemon
socket kernel hotel
delta socket buffer charlie echo
golf system daemon echo kernel packet
alpha kernel golf
cipher foxtrot echo system
daemon bravo socket echo
buffer golf charlie
echo bravo vector alpha alpha
bravo alpha packet alpha hotel system echo daemon
packet charlie daemon charlie cipher
daemon echo charlie golf buffer buffer echo hotel kernel
vector bravo foxtrot hotel
hotel buffer daemon foxtrot
golf delta foxtrot daemon
hotel daemon kernel bravo hotel hotel
kernel packet hotel alpha kernel echo socket golf
buffer charlie cipher daemon foxtrot daemon packet
buffer buffer packet daemon system packet vector golf
vector golf buffer cipher foxtrot cipher buffer
buffer echo buffer
socket alpha socket echo daemon alpha hotel foxtrot foxtrot
foxtrot socket foxtrot charlie alpha packet daemon
golf system vector kernel vector
hotel delta golf delta daemon
hotel golf charlie buffer
golf packet delta system buffer daemon
bravo packet packet alpha golf system kernel foxtrot
delta foxtrot echo system echo kernel delta echo packet
delta daemon cipher hotel delta hotel buffer alpha
alpha echo echo bravo alpha alpha cipher packet bravo
buffer daemon system
daemon alpha hotel socket
foxtrot foxtrot golf socket cipher
hotel charlie alpha vector vector echo
system echo vector socket
daemon vector bravo socket cipher foxtrot echo alpha alpha
foxtrot charlie charlie hotel packet delta
packet packet foxtrot kernel
cipher daemon packet
charlie buffer cipher golf kernel system
hotel bravo socket echo daemon echo socket echo daemon
system packet packet bravo vector bravo vector alpha
bravo foxtrot kernel kernel bravo alpha alpha
foxtrot buffer charlie packet system system vector
socket vector daemon
golf hotel golf kernel echo
kernel hotel echo cipher socket cipher vector alpha charlie
delta alpha delta bravo buffer delta golf
buffer socket golf bravo vector vector packet foxtrot kernel
buffer delta socket charlie delta
packet golf foxtrot
kernel cipher hotel
alpha cipher daemon system
cipher cipher golf vector
hotel kernel socket packet alpha cipher socket vector kernel
system hotel cipher alpha
vector delta buffer foxtrot kernel
charlie vector socket hotel vector
socket buffer foxtrot echo buffer buffer alpha
alpha packet kernel golf echo kernel echo system
kernel packet charlie daemon charlie bravo kernel delta
socket foxtrot foxtrot socket echo charlie
bravo bravo kernel delta daemon delta
alpha hotel cipher socket bravo
vector cipher cipher system
system kernel foxtrot kernel packet socket hotel delta
buffer daemon golf socket alpha cipher charlie alpha buffer
cipher vector cipher cipher
alpha vector delta alpha hotel charlie packet
vector daemon alpha cipher delta golf kernel
socket golf delta buffer bravo vector cipher alpha socket
vector packet socket buffer alpha bravo
alpha delta echo hotel echo bravo socket bravo foxtrot
alpha echo cipher vector vector vector
golf cipher golf vector delta delta kernel
hotel kernel cipher socket hotel echo system
delta system socket cipher alpha packet bravo kernel echo
vector delta golf charlie foxtrot socket daemon
bravo delta foxtrot cipher charlie cipher system system foxtrot
bravo buffer buffer echo foxtrot delta system
charlie charlie echo charlie cipher echo echo
golf daemon packet echo foxtrot kernel system packet kernel
kernel socket charlie buffer cipher buffer system cipher packet
cipher alpha foxtrot buffer kernel foxtrot vector delta system
hotel alpha system bravo vector foxtrot hotel vector
hotel delta buffer socket charlie echo echo charlie
delta kernel alpha system system
system hotel daemon foxtrot
system echo charlie bravo golf charlie cipher socket hotel
hotel hotel charlie delta system packet echo system packet
alpha delta delta charlie charlie echo bravo
kernel packet delta echo
socket kernel vector vector delta buffer
socket echo vector vector
system hotel vector echo alpha kernel hotel socket golf
alpha foxtrot kernel hotel alpha system bravo
hotel packet buffer system hotel kernel
packet golf socket packet
charlie golf golf alpha buffer cipher alpha bravo
alpha hotel cipher alpha
golf vector golf daemon charlie cipher bravo kernel echo
vector foxtrot kernel delta golf alpha packet echo
socket cipher delta cipher golf packet socket buffer charlie
kernel kernel echo
vector daemon socket echo hotel kernel
buffer vector echo vector socket bravo
system vector foxtrot buffer daemon
vector foxtrot bravo vector delta
bravo socket charlie bravo hotel
charlie buffer system echo charlie system delta socket system
delta cipher foxtrot foxtrot system socket echo
socket echo cipher buffer bravo
delta kernel daemon
delta charlie alpha cipher cipher cipher
packet buffer bravo foxtrot hotel socket golf
kernel golf alpha kernel charlie alpha packet echo
packet hotel cipher
cipher alpha vector foxtrot delta golf kernel
golf echo cipher packet packet
charlie cipher hotel delta foxtrot alpha socket packet
socket hotel golf
vector daemon packet bravo delta cipher vector bravo kernel
delta kernel hotel
foxtrot kernel foxtrot foxtrot
echo echo alpha system echo foxtrot golf packet
bravo cipher system
kernel kernel packet kernel bravo vector system socket kernel
delta alpha cipher buffer
bravo delta delta
socket cipher socket golf
alpha vector hotel bravo vector
system delta alpha cipher
hotel golf packet
buffer packet foxtrot
hotel vector cipher daemon socket buffer socket packet bravo
socket alpha daemon echo delta kernel charlie delta
kernel golf buffer
foxtrot delta alpha echo golf
cipher alpha vector golf daemon delta bravo
delta foxtrot system cipher packet packet
daemon vector echo socket daemon cipher
alpha delta echo daemon hotel system
packet alpha charlie echo
delta daemon buffer cipher bravo charlie echo system
system foxtrot daemon echo packet
daemon daemon golf packet
alpha socket daemon packet daemon kernel bravo
socket charlie cipher echo socket
packet charlie echo
delta bravo delta
bravo buffer hotel echo packet foxtrot echo
cipher golf delta
bravo golf charlie kernel charlie
daemon packet foxtrot charlie system
delta daemon socket packet buffer
echo socket charlie cipher kernel foxtrot hotel
vector cipher echo bravo buffer charlie golf charlie hotel
packet bravo buffer packet
kernel golf bravo cipher packet packet socket
foxtrot system system buffer socket cipher
buffer delta system bravo cipher system bravo hotel buffer
echo foxtrot daemon buffer alpha socket
packet delta delta kernel echo echo vector packet
cipher system system kernel golf
bravo vector echo charlie kernel
delta hotel packet hotel charlie vector buffer buffer
delta foxtrot daemon charlie
golf kernel buffer
daemon charlie echo delta daemon echo
charlie foxtrot delta packet echo vector echo
vector hotel buffer bravo hotel buffer socket bravo
golf bravo foxtrot charlie bravo cipher foxtrot
packet delta echo
foxtrot echo buffer alpha kernel bravo charlie vector
system system charlie foxtrot hotel
charlie hotel system
bravo daemon echo kernel
cipher bravo kernel buffer charlie foxtrot hotel
golf charlie bravo foxtrot kernel echo packet kernel kernel
golf cipher golf vector foxtrot vector
socket kernel system vector
packet foxtrot foxtrot alpha packet golf bravo
bravo bravo buffer buffer
golf alpha vector daemon foxtrot vector hotel
alpha foxtrot cipher system cipher
golf hotel buffer bravo golf daemon
foxtrot alpha alpha bravo kernel delta buffer cipher
golf socket delta buffer foxtrot delta delta system
hotel vector kernel vector system socket
system alpha alpha cipher packet
golf kernel packet system packet vector kernel
hotel bravo kernel daemon daemon
system packet hotel cipher bravo
golf packet delta bravo
buffer packet hotel
buffer bravo buffer
socket golf charlie cipher
foxtrot system daemon kernel hotel
golf hotel hotel vector
cipher buffer daemon hotel charlie kernel bravo alpha
bravo hotel golf kernel
hotel foxtrot kernel
cipher golf socket system foxtrot
buffer hotel cipher cipher kernel echo charlie
golf hotel kernel packet delta hotel packet alpha
alpha bravo socket system vector socket buffer alpha foxtrot
packet alpha vector bravo delta bravo cipher
hotel alpha kernel system hotel vector socket socket
bravo bravo golf hotel alpha echo packet foxtrot
alpha kernel charlie kernel
vector hotel socket buffer
foxtrot hotel hotel vector
vector buffer echo
socket cipher alpha system system delta packet bravo
socket cipher delta delta
hotel charlie golf delta
vector bravo cipher daemon kernel cipher cipher vector
vector echo system charlie vector daemon
bravo golf delta daemon echo hotel cipher echo
packet cipher kernel echo delta golf foxtrot socket alpha
kernel vector golf hotel bravo
alpha bravo kernel vector delta cipher buffer daemon cipher
foxtrot kernel alpha
delta charlie echo foxtrot
echo echo bravo
golf foxtrot socket bravo bravo echo cipher kernel
socket vector echo golf kernel
golf alpha hotel
cipher cipher daemon buffer golf hotel
echo socket golf golf echo
echo system buffer vector daemon
charlie alpha packet alpha
hotel vector system system socket golf vector delta
golf hotel packet packet
cipher daemon foxtrot charlie
golf socket foxtrot cipher charlie foxtrot bravo delta
vector hotel kernel
charlie vector golf cipher kernel packet golf
packet vector foxtrot hotel buffer bravo socket
packet cipher kernel packet bravo cipher buffer alpha daemon
packet bravo charlie
vector hotel daemon alpha buffer delta
hotel vector socket
echo alpha cipher daemon daemon
system vector buffer packet
buffer packet packet daemon vector delta buffer
hotel golf packet socket delta hotel hotel echo
buffer charlie charlie bravo charlie vector golf
echo golf vector delta echo kernel daemon bravo
echo echo charlie kernel
vector system daemon vector golf kernel daemon vector
packet vector charlie packet socket
delta system hotel alpha vector buffer daemon charlie
daemon vector daemon delta
golf foxtrot delta delta bravo cipher
daemon bravo golf alpha delta charlie delta socket kernel
buffer daemon hotel echo buffer socket socket packet
golf packet packet alpha packet golf cipher
delta echo cipher vector hotel daemon alpha
alpha system packet charlie delta daemon bravo
hotel cipher bravo echo cipher echo hotel hotel
system bravo packet packet kernel kernel echo
system daemon system kernel bravo foxtrot foxtrot cipher
packet echo kernel
hotel system bravo delta echo
bravo vector socket
delta kernel system echo hotel vector cipher golf
bravo golf foxtrot charlie charlie daemon packet packet bravo
bravo hotel foxtrot
kernel foxtrot kernel socket
buffer alpha system golf delta
kernel packet bravo socket cipher packet vector alpha daemon
buffer hotel echo
socket delta cipher
alpha alpha buffer
delta bravo echo cipher delta echo foxtrot buffer cipher
bravo alpha cipher daemon
packet vector packet foxtrot alpha packet
golf golf vector alpha golf daemon golf alpha golf
golf hotel vector vector
hotel delta alpha buffer charlie daemon
delta socket hotel charlie delta charlie bravo alpha
bravo bravo cipher daemon cipher
kernel kernel alpha
socket buffer bravo bravo golf alpha
foxtrot golf delta alpha golf system hotel bravo
buffer hotel daemon alpha cipher packet
packet buffer golf echo
delta kernel buffer
system buffer buffer vector foxtrot buffer
golf packet packet packet golf kernel daemon
vector packet delta packet vector kernel system bravo charlie
daemon bravo delta system hotel hotel echo foxtrot
buffer vector hotel daemon
system delta kernel echo vector
session_token config debug HTP{gr3p_is_your_friend} internal cache
vector delta alpha cipher cipher
charlie system socket
charlie delta vector
golf packet foxtrot
golf hotel socket packet alpha buffer hotel bravo
buffer socket socket golf
packet echo buffer kernel system
kernel bravo buffer bravo vector alpha golf
echo vector daemon vector vector daemon buffer
golf kernel delta socket
daemon cipher cipher alpha charlie
kernel buffer echo golf delta echo vector cipher
alpha cipher kernel echo foxtrot system
system golf bravo bravo charlie
hotel socket foxtrot cipher socket buffer
alpha foxtrot golf
charlie alpha cipher echo
echo hotel bravo packet alpha socket system echo
cipher alpha socket cipher hotel system
vector hotel golf charlie daemon echo buffer kernel
delta charlie kernel echo
cipher hotel delta system kernel bravo
daemon charlie buffer packet charlie foxtrot foxtrot bravo
golf charlie golf delta foxtrot socket alpha
bravo charlie buffer cipher kernel vector golf vector
alpha foxtrot socket buffer alpha
hotel buffer daemon
alpha system echo bravo buffer delta hotel
kernel foxtrot kernel foxtrot cipher cipher socket
charlie hotel foxtrot
delta kernel echo bravo delta hotel alpha hotel alpha
system bravo cipher delta foxtrot hotel cipher
bravo bravo cipher cipher bravo system golf
charlie vector vector vector
packet socket golf golf foxtrot
buffer system vector cipher packet socket charlie buffer foxtrot
socket buffer socket buffer echo delta echo packet
hotel foxtrot system delta charlie buffer cipher
daemon alpha socket
daemon socket bravo echo
socket foxtrot alpha alpha bravo buffer
golf hotel system kernel buffer alpha
alpha system golf buffer daemon buffer vector
golf system hotel vector echo
foxtrot golf daemon vector hotel kernel foxtrot golf
charlie hotel system golf
socket system foxtrot vector system system
foxtrot packet system alpha golf packet echo cipher
delta socket hotel charlie charlie buffer golf alpha delta
cipher vector charlie hotel bravo charlie daemon system
socket kernel delta vector
echo bravo hotel alpha echo bravo packet
bravo hotel bravo golf golf hotel cipher
golf daemon echo system alpha
cipher cipher hotel charlie
charlie bravo daemon
vector charlie hotel socket buffer echo packet alpha
foxtrot bravo golf bravo cipher packet socket cipher cipher
foxtrot system packet
echo cipher bravo
buffer system charlie vector echo foxtrot kernel cipher charlie
packet socket alpha
cipher socket cipher socket
hotel echo system charlie vector packet
delta socket packet echo buffer daemon
kernel charlie echo packet
golf daemon vector charlie echo
buffer hotel daemon alpha system golf system daemon socket
system buffer golf kernel golf hotel delta
system buffer foxtrot charlie packet kernel buffer
buffer kernel hotel hotel system foxtrot
foxtrot system packet packet system delta hotel
vector buffer alpha hotel bravo
foxtrot kernel echo
daemon daemon echo daemon hotel bravo
hotel foxtrot socket
bravo cipher daemon
vector system packet daemon
charlie daemon packet charlie foxtrot echo delta
cipher echo foxtrot
daemon vector foxtrot vector hotel cipher vector golf
golf vector alpha
foxtrot system charlie foxtrot bravo
cipher kernel system kernel hotel foxtrot
packet kernel alpha delta charlie packet
bravo alpha charlie echo buffer daemon kernel echo daemon
charlie echo golf alpha hotel daemon
echo foxtrot cipher kernel vector foxtrot hotel foxtrot foxtrot
foxtrot system bravo echo system bravo golf alpha
buffer hotel daemon foxtrot kernel hotel echo golf packet
system socket delta packet charlie foxtrot kernel foxtrot foxtrot
buffer cipher system kernel
charlie charlie golf hotel charlie vector alpha bravo delta
echo buffer hotel golf charlie
kernel hotel packet bravo golf charlie cipher
kernel golf bravo hotel delta packet golf bravo
packet echo charlie vector hotel delta golf echo
foxtrot vector foxtrot
vector alpha delta golf alpha
alpha kernel hotel buffer echo system golf
cipher kernel bravo
packet charlie system kernel system delta buffer foxtrot
foxtrot alpha foxtrot foxtrot bravo buffer echo system
foxtrot golf bravo kernel alpha echo
packet buffer kernel
alpha golf alpha kernel kernel socket daemon packet
delta packet daemon delta buffer bravo
hotel foxtrot bravo socket daemon buffer system delta vector
system hotel echo kernel bravo alpha delta
daemon echo echo kernel charlie
daemon socket foxtrot packet bravo cipher charlie packet alpha
bravo socket alpha golf daemon delta socket bravo
kernel bravo packet
hotel system socket daemon cipher cipher system daemon kernel
vector delta cipher hotel delta charlie
alpha daemon socket foxtrot
delta golf cipher
charlie delta system socket kernel golf
system packet bravo foxtrot
bravo bravo charlie
charlie echo cipher kernel buffer delta buffer echo
delta vector vector echo delta kernel
cipher delta socket
kernel charlie vector packet
hotel packet cipher daemon golf system foxtrot golf
echo cipher cipher socket buffer alpha delta echo socket
cipher delta vector foxtrot system alpha
daemon socket foxtrot bravo
hotel cipher vector echo cipher delta kernel alpha hotel
kernel delta buffer vector delta golf
socket kernel vector delta vector system
charlie vector buffer alpha vector vector
alpha foxtrot charlie delta
daemon charlie golf
daemon cipher alpha foxtrot charlie socket delta socket vector
kernel hotel cipher socket packet bravo cipher bravo daemon
system echo vector alpha delta buffer delta charlie bravo
socket foxtrot kernel delta
delta system echo kernel vector hotel cipher system packet
delta hotel daemon
packet cipher buffer packet
alpha golf cipher vector
charlie hotel echo vector system golf
echo foxtrot echo delta hotel golf alpha cipher
delta kernel kernel foxtrot foxtrot
golf kernel foxtrot echo socket charlie cipher
cipher packet daemon delta packet kernel system vector
socket socket golf charlie packet
socket cipher foxtrot
charlie packet echo vector daemon golf bravo golf
hotel system charlie foxtrot
foxtrot delta cipher
system delta system alpha foxtrot alpha cipher
hotel alpha echo
hotel bravo daemon hotel buffer vector golf foxtrot vector
daemon daemon system
buffer golf charlie daemon golf alpha
system socket echo
buffer echo packet bravo
hotel hotel buffer
foxtrot alpha foxtrot hotel bravo bravo
golf charlie echo alpha cipher foxtrot kernel kernel
hotel daemon hotel
system daemon charlie charlie
delta hotel kernel cipher buffer socket
packet charlie hotel
hotel socket echo kernel cipher charlie daemon golf vector
system bravo charlie bravo echo
charlie golf daemon hotel
hotel bravo buffer foxtrot bravo alpha
daemon hotel cipher charlie golf
alpha kernel bravo alpha charlie echo delta
bravo delta cipher alpha kernel daemon socket
socket bravo echo foxtrot kernel kernel golf daemon
hotel charlie system daemon echo echo delta
packet buffer alpha
vector delta bravo
socket daemon buffer socket echo delta
socket bravo system delta
golf kernel charlie system echo
packet buffer vector delta foxtrot
golf charlie system golf cipher hotel foxtrot
vector foxtrot packet system buffer daemon alpha
socket echo foxtrot
echo hotel echo daemon
delta kernel charlie
buffer system buffer daemon
packet alpha kernel system cipher kernel kernel system
vector golf alpha buffer packet golf daemon packet
bravo vector system daemon daemon packet foxtrot
alpha cipher packet foxtrot golf buffer hotel daemon kernel
system golf hotel bravo system
socket hotel foxtrot kernel alpha vector
alpha system alpha vector foxtrot system kernel
daemon buffer golf hotel
kernel golf buffer cipher vector packet
foxtrot vector cipher golf foxtrot
echo bravo foxtrot
packet bravo socket alpha golf
kernel foxtrot buffer charlie cipher
charlie golf golf bravo
charlie cipher golf
vector cipher delta cipher golf charlie daemon cipher
socket buffer cipher alpha daemon packet
socket daemon delta golf charlie
buffer charlie buffer golf
kernel alpha daemon buffer
alpha socket alpha foxtrot hotel
buffer kernel golf delta alpha
delta cipher packet foxtrot bravo
cipher socket hotel bravo
system daemon bravo packet vector socket bravo golf system
charlie daemon delta packet buffer daemon
socket echo daemon vector delta daemon delta
buffer golf daemon golf kernel alpha system echo
socket buffer charlie golf charlie cipher daemon cipher socket
foxtrot kernel buffer
cipher golf charlie charlie packet vector socket kernel
bravo golf kernel buffer system daemon buffer
socket echo alpha cipher
delta kernel system hotel
vector hotel buffer foxtrot buffer kernel alpha system vector
buffer daemon buffer cipher kernel charlie socket
charlie echo foxtrot alpha kernel buffer vector echo daemon
echo alpha daemon kernel
system alpha cipher hotel golf
socket vector buffer hotel system buffer cipher golf alpha
delta socket golf system foxtrot system system
daemon echo golf system
vector hotel socket buffer socket packet charlie
packet daemon vector daemon foxtrot delta daemon bravo kernel
system golf charlie packet foxtrot foxtrot alpha
alpha alpha foxtrot alpha kernel foxtrot
socket system charlie delta kernel buffer charlie packet
foxtrot packet charlie
buffer packet alpha daemon
hotel cipher cipher delta hotel echo alpha vector
alpha echo charlie buffer daemon alpha golf
vector bravo hotel bravo
vector foxtrot daemon socket
alpha delta vector vector golf golf foxtrot kernel
golf packet charlie delta foxtrot
charlie delta bravo hotel foxtrot echo cipher socket
golf kernel buffer echo bravo hotel buffer
foxtrot golf bravo system cipher
socket system kernel daemon hotel buffer echo foxtrot socket
daemon socket echo
golf alpha vector socket echo vector packet echo
cipher system delta
daemon system packet system cipher daemon golf cipher
echo daemon buffer
vector packet buffer vector hotel delta kernel bravo
vector kernel buffer daemon kernel
alpha vector buffer vector vector foxtrot alpha daemon system
alpha bravo foxtrot kernel foxtrot
cipher delta packet system
alpha alpha echo vector bravo kernel golf
alpha golf delta cipher echo vector vector foxtrot
buffer socket packet
cipher bravo socket system socket packet
vector daemon packet charlie vector alpha hotel packet foxtrot
packet system foxtrot echo packet system
daemon packet daemon foxtrot buffer vector vector golf foxtrot
cipher packet daemon golf cipher
delta alpha packet buffer socket golf daemon
daemon bravo system
golf echo foxtrot charlie daemon foxtrot packet packet charlie
bravo golf vector delta golf
daemon delta foxtrot echo
buffer foxtrot vector charlie charlie vector echo
bravo hotel golf foxtrot echo cipher alpha golf vector
cipher vector hotel socket buffer
packet packet echo bravo vector socket
alpha buffer daemon socket daemon
kernel kernel foxtrot delta charlie kernel kernel hotel
daemon kernel echo cipher alpha daemon kernel buffer bravo
hotel cipher bravo daemon bravo foxtrot vector kernel vector
delta cipher buffer echo alpha
daemon system system socket system kernel
echo foxtrot socket vector delta
echo buffer packet echo vector
delta charlie bravo socket
hotel charlie foxtrot alpha
socket delta foxtrot golf daemon kernel charlie charlie
bravo golf echo
kernel system buffer hotel hotel
charlie system charlie alpha
delta charlie bravo buffer
delta hotel daemon delta system hotel bravo packet
bravo echo packet
system vector vector
echo echo kernel echo charlie delta
cipher hotel delta echo vector
packet buffer packet packet foxtrot vector alpha hotel charlie
delta cipher bravo cipher
daemon delta echo echo charlie kernel
delta bravo packet delta cipher kernel
bravo alpha charlie echo socket echo charlie foxtrot daemon
charlie delta socket daemon socket
hotel daemon buffer foxtrot delta kernel hotel bravo buffer
golf echo echo
daemon kernel system golf alpha foxtrot hotel system
socket hotel echo vector alpha golf system
socket system echo echo
buffer golf bravo foxtrot alpha delta daemon
vector packet echo vector
socket socket vector
charlie alpha foxtrot hotel foxtrot
system charlie daemon foxtrot alpha charlie foxtrot
system system foxtrot alpha kernel echo socket packet kernel
foxtrot alpha charlie vector
socket foxtrot system cipher bravo alpha
delta bravo kernel alpha system socket packet alpha foxtrot
echo cipher vector kernel daemon buffer daemon
delta echo daemon cipher
foxtrot system alpha vector
packet packet bravo buffer
daemon packet foxtrot bravo
alpha cipher kernel vector cipher delta system vector
delta alpha alpha hotel foxtrot vector alpha hotel system
hotel delta kernel charlie
kernel socket kernel cipher charlie golf packet alpha daemon
echo packet packet bravo buffer charlie delta charlie
hotel alpha echo foxtrot kernel
kernel hotel hotel packet foxtrot
alpha charlie foxtrot echo kernel kernel
foxtrot charlie vector golf socket system cipher socket daemon
hotel cipher daemon
hotel charlie hotel
packet cipher echo vector bravo golf bravo socket
cipher buffer echo cipher
foxtrot system foxtrot
golf hotel hotel delta
system foxtrot foxtrot daemon charlie foxtrot daemon
daemon vector cipher packet daemon alpha socket cipher
bravo kernel packet golf charlie vector packet
socket cipher delta
hotel vector echo kernel bravo alpha echo kernel cipher
charlie delta socket golf cipher
system socket socket bravo hotel foxtrot buffer
golf bravo bravo golf
foxtrot kernel foxtrot daemon charlie
hotel system cipher packet bravo
charlie packet cipher alpha alpha charlie
golf bravo vector kernel vector echo
delta socket echo socket
vector socket daemon delta
charlie echo echo kernel kernel vector
bravo alpha vector charlie socket bravo system
packet echo buffer socket packet foxtrot golf golf packet
packet hotel alpha packet charlie packet charlie socket
socket alpha echo
foxtrot golf kernel buffer bravo echo socket
cipher hotel alpha buffer
charlie delta echo bravo vector
system daemon foxtrot foxtrot
daemon bravo golf hotel cipher cipher cipher charlie socket
cipher bravo foxtrot
buffer daemon alpha delta golf echo
golf vector socket kernel charlie socket
packet charlie socket charlie vector
foxtrot vector echo packet hotel delta
system golf hotel buffer vector echo hotel charlie foxtrot
foxtrot system bravo
daemon charlie charlie kernel bravo
buffer packet socket
delta echo golf echo bravo foxtrot
vector delta echo packet socket alpha
vector alpha buffer alpha vector
delta cipher foxtrot hotel
socket kernel foxtrot golf bravo
bravo packet charlie buffer
packet cipher socket daemon packet
buffer kernel cipher vector vector
cipher daemon socket kernel packet packet system kernel
bravo charlie bravo buffer
charlie delta buffer socket hotel delta cipher daemon
golf golf delta charlie socket delta delta socket echo
hotel kernel cipher kernel packet kernel foxtrot
daemon kernel hotel
socket charlie bravo
vector buffer foxtrot hotel vector alpha foxtrot alpha
system vector packet alpha foxtrot alpha delta golf
buffer bravo charlie
golf daemon socket
daemon bravo alpha delta delta alpha delta hotel
daemon foxtrot hotel socket charlie echo
socket hotel vector
packet buffer daemon cipher daemon foxtrot delta echo
cipher cipher socket
delta socket kernel packet system foxtrot
alpha hotel delta delta
alpha hotel vector system system bravo charlie
system packet packet hotel bravo charlie
hotel kernel kernel foxtrot hotel charlie packet kernel kernel
cipher vector delta
foxtrot socket bravo daemon echo buffer
socket socket foxtrot alpha
kernel charlie echo foxtrot buffer
buffer bravo daemon bravo daemon echo cipher
system kernel golf daemon daemon buffer kernel kernel echo
system buffer daemon cipher
alpha buffer foxtrot
socket foxtrot kernel
hotel system hotel cipher bravo golf bravo hotel
charlie vector echo hotel daemon cipher foxtrot buffer alpha
vector cipher packet bravo daemon golf golf
bravo delta charlie bravo buffer daemon echo system delta
bravo buffer foxtrot alpha buffer
echo socket hotel hotel bravo
kernel golf packet system packet buffer bravo system
bravo echo vector delta cipher cipher packet hotel buffer
charlie daemon bravo
charlie delta buffer alpha golf echo delta foxtrot charlie
golf bravo packet foxtrot foxtrot
kernel golf buffer foxtrot daemon
alpha packet kernel alpha delta alpha charlie bravo cipher
cipher golf delta bravo delta daemon packet golf
socket vector charlie cipher
hotel packet delta socket foxtrot golf
bravo golf charlie buffer
buffer vector buffer
echo packet foxtrot
echo system vector vector delta hotel socket kernel
daemon kernel hotel
kernel daemon charlie cipher echo golf bravo cipher
daemon daemon delta buffer kernel cipher daemon
charlie echo buffer delta alpha
socket packet charlie foxtrot echo
golf golf system echo bravo packet socket hotel alpha
golf daemon bravo cipher foxtrot foxtrot hotel system socket
golf vector bravo golf
cipher vector buffer echo charlie buffer echo packet bravo
alpha packet foxtrot system alpha system bravo golf buffer
cipher system bravo foxtrot packet cipher
alpha packet delta cipher cipher kernel kernel vector cipher
golf kernel buffer socket cipher
system delta charlie daemon kernel
system alpha hotel packet vector
charlie buffer delta vector alpha buffer socket
alpha hotel packet foxtrot daemon
system system charlie kernel cipher charlie kernel delta alpha
echo vector alpha cipher system
cipher vector system packet echo packet alpha kernel golf
echo delta alpha daemon cipher foxtrot system system
vector buffer packet hotel delta vector
golf socket vector
alpha cipher foxtrot
buffer charlie charlie buffer socket charlie buffer
delta buffer daemon
vector echo buffer buffer foxtrot vector
system socket packet golf vector bravo buffer vector packet
delta system system
kernel foxtrot cipher bravo kernel
vector delta socket charlie golf hotel kernel
socket golf bravo vector
charlie system foxtrot golf hotel vector cipher echo
kernel system daemon
golf foxtrot vector charlie system hotel
delta foxtrot golf kernel echo kernel bravo hotel buffer
alpha bravo delta hotel vector kernel packet golf socket
system cipher foxtrot buffer delta kernel foxtrot delta charlie
kernel daemon buffer daemon
socket vector packet charlie buffer foxtrot system
system alpha foxtrot alpha bravo socket cipher alpha
socket charlie bravo
kernel socket cipher bravo echo daemon
system hotel daemon system system
golf bravo cipher vector daemon system
daemon charlie delta charlie socket socket system socket
hotel cipher delta bravo alpha hotel echo golf
system echo kernel hotel golf
kernel daemon hotel daemon daemon golf delta foxtrot
foxtrot golf packet echo
socket buffer echo
delta daemon cipher kernel golf
bravo cipher socket packet packet alpha alpha packet
charlie charlie socket
socket hotel socket foxtrot hotel delta system
foxtrot charlie golf
hotel golf golf
bravo system echo
golf buffer cipher alpha
daemon packet buffer packet
alpha vector charlie buffer delta delta
packet socket buffer
daemon socket cipher
hotel hotel alpha daemon buffer foxtrot charlie
foxtrot delta alpha
vector alpha foxtrot system
bravo kernel vector alpha bravo daemon system golf cipher
kernel system daemon system foxtrot
charlie daemon charlie golf hotel golf
system cipher charlie foxtrot hotel
daemon cipher daemon
buffer golf delta foxtrot packet echo kernel bravo echo
alpha bravo cipher echo golf buffer bravo socket
golf buffer alpha cipher charlie buffer echo
packet packet system hotel system system echo golf daemon
kernel buffer hotel packet bravo
packet buffer echo socket cipher charlie
golf buffer socket
echo golf packet kernel delta daemon
charlie system foxtrot
buffer socket delta kernel daemon packet echo
kernel delta system daemon foxtrot
buffer foxtrot alpha
system delta socket echo charlie buffer system bravo
alpha bravo delta charlie bravo foxtrot echo delta golf
alpha alpha cipher hotel socket socket
system system socket socket alpha
daemon socket vector vector
alpha golf foxtrot charlie charlie
cipher system vector socket daemon
hotel kernel buffer vector
bravo packet vector golf system packet bravo bravo
system daemon alpha echo buffer buffer echo system charlie
buffer system golf packet cipher
kernel delta echo packet foxtrot
packet cipher alpha socket system vector bravo charlie delta
golf alpha echo socket socket packet
kernel delta echo system golf hotel socket
golf foxtrot hotel
charlie delta socket bravo system socket
socket buffer hotel daemon
charlie packet kernel buffer hotel
hotel hotel echo charlie socket system system
cipher vector delta
kernel buffer alpha cipher packet buffer
echo alpha alpha foxtrot alpha delta vector
kernel foxtrot socket foxtrot socket alpha echo
foxtrot socket daemon foxtrot daemon kernel
buffer charlie packet foxtrot bravo cipher charlie cipher
hotel buffer alpha alpha foxtrot
hotel kernel socket packet alpha daemon echo
alpha buffer cipher charlie delta daemon cipher
system hotel buffer delta delta bravo kernel
bravo bravo system daemon daemon system cipher
hotel charlie golf alpha bravo alpha
system packet socket foxtrot kernel delta kernel
buffer alpha foxtrot charlie bravo cipher echo alpha
bravo cipher kernel hotel charlie cipher alpha cipher echo
buffer vector cipher echo buffer kernel
cipher packet bravo cipher delta foxtrot
daemon cipher alpha packet
hotel bravo delta golf vector socket kernel foxtrot echo
socket socket daemon buffer kernel socket packet daemon bravo
kernel kernel bravo daemon
buffer alpha vector charlie bravo foxtrot vector
daemon charlie alpha
daemon socket delta packet golf echo
socket delta system delta charlie
echo kernel packet
golf packet system
daemon kernel foxtrot charlie daemon
socket daemon socket hotel vector packet
hotel daemon delta system delta system system hotel system
buffer alpha echo foxtrot socket buffer
daemon buffer socket packet charlie foxtrot vector cipher charlie
bravo socket foxtrot vector
delta vector golf charlie buffer
delta charlie system system
echo hotel charlie
buffer alpha system buffer echo vector
buffer foxtrot golf foxtrot golf
cipher system system daemon vector daemon buffer daemon
kernel daemon hotel bravo
foxtrot charlie system charlie foxtrot
foxtrot daemon charlie
packet socket packet vector
echo buffer kernel system kernel socket echo
kernel bravo bravo bravo alpha
alpha socket daemon cipher foxtrot kernel buffer
kernel alpha bravo kernel buffer hotel system daemon delta
kernel charlie system hotel packet
socket vector golf daemon daemon vector packet bravo daemon
hotel socket golf delta vector
packet charlie socket
golf buffer packet system
bravo golf daemon alpha packet vector kernel delta packet
charlie buffer echo delta daemon daemon bravo cipher hotel
system charlie hotel cipher echo echo daemon
packet bravo delta buffer
delta golf alpha socket
socket buffer daemon vector hotel vector foxtrot foxtrot
foxtrot daemon packet echo system hotel
hotel alpha charlie
buffer buffer echo bravo buffer
socket cipher bravo buffer cipher echo foxtrot cipher hotel
alpha system delta socket vector echo bravo
buffer alpha golf hotel vector foxtrot
delta hotel socket delta echo
hotel hotel hotel delta echo socket daemon
hotel delta delta daemon alpha charlie buffer socket cipher
alpha alpha packet delta vector socket
golf golf vector foxtrot charlie
daemon cipher hotel socket delta foxtrot bravo
cipher buffer cipher
packet kernel foxtrot buffer packet buffer
delta vector packet hotel socket foxtrot golf
socket system system golf
charlie socket buffer buffer delta
buffer golf packet golf alpha socket
socket echo charlie foxtrot
buffer charlie packet socket system foxtrot charlie
cipher charlie foxtrot alpha golf foxtrot
foxtrot packet alpha daemon alpha bravo daemon echo
delta foxtrot echo buffer foxtrot kernel socket packet vector
foxtrot vector golf cipher
bravo charlie alpha echo delta hotel kernel delta cipher
socket daemon delta
system alpha system cipher buffer
buffer echo socket hotel socket
socket echo echo socket echo vector
alpha packet hotel golf charlie socket system hotel
foxtrot golf golf vector daemon cipher
socket charlie golf delta golf bravo cipher
cipher daemon alpha packet
delta vector packet daemon golf buffer packet bravo
alpha packet charlie cipher cipher charlie cipher bravo
vector alpha foxtrot socket
buffer bravo cipher delta alpha socket socket
charlie golf delta hotel alpha daemon foxtrot
system daemon delta kernel kernel socket alpha buffer
daemon golf kernel cipher charlie foxtrot bravo
daemon alpha hotel system system socket foxtrot hotel
system echo buffer hotel daemon daemon
socket echo packet bravo bravo kernel
golf bravo delta daemon vector echo socket
system hotel socket bravo golf alpha system
charlie hotel hotel buffer alpha alpha hotel kernel
echo vector cipher
cipher socket system packet delta socket cipher
golf charlie bravo socket echo delta echo socket
charlie daemon bravo
packet echo foxtrot hotel vector cipher
delta alpha hotel
buffer buffer echo cipher
buffer cipher hotel charlie
foxtrot charlie charlie buffer system echo charlie
cipher golf charlie foxtrot packet daemon
packet packet alpha system delta cipher hotel daemon echo
kernel delta bravo
charlie vector golf packet echo foxtrot
alpha alpha echo socket cipher hotel packet bravo
golf packet echo hotel hotel socket charlie system hotel
hotel bravo socket buffer vector delta echo
echo system cipher hotel cipher foxtrot buffer
golf foxtrot alpha
echo socket delta echo vector socket cipher system
vector foxtrot kernel kernel socket
golf vector foxtrot buffer bravo
foxtrot foxtrot alpha foxtrot system buffer cipher socket
socket system buffer golf
charlie socket cipher alpha hotel daemon foxtrot
kernel delta cipher cipher daemon
packet alpha echo daemon
cipher alpha buffer cipher bravo foxtrot hotel
bravo packet daemon
cipher alpha charlie kernel cipher
delta charlie buffer bravo alpha bravo kernel bravo
vector delta kernel kernel delta
echo system buffer
hotel packet bravo echo charlie socket charlie
kernel system daemon hotel
foxtrot echo socket hotel vector delta
alpha charlie alpha system kernel hotel socket vector vector
bravo daemon charlie hotel alpha echo
vector hotel vector delta vector foxtrot socket hotel
cipher delta kernel foxtrot hotel
charlie hotel socket alpha echo cipher
alpha delta kernel alpha
echo buffer echo socket system foxtrot vector
bravo hotel foxtrot kernel charlie hotel socket hotel packet
cipher charlie bravo vector bravo alpha socket vector
daemon kernel buffer kernel
golf socket daemon buffer
alpha hotel buffer kernel charlie
system daemon system
cipher socket hotel bravo hotel hotel bravo
delta packet golf cipher socket echo echo charlie
packet golf daemon
system kernel hotel
golf system vector
foxtrot packet echo kernel bravo foxtrot echo
vector hotel packet daemon buffer charlie
vector hotel socket delta system delta echo
delta buffer bravo alpha alpha
charlie packet buffer alpha hotel
packet cipher vector bravo alpha
foxtrot charlie vector echo alpha
socket delta system socket charlie bravo
socket delta packet charlie delta packet daemon hotel
hotel vector foxtrot bravo charlie packet socket bravo
foxtrot foxtrot socket
alpha vector vector foxtrot kernel
cipher golf packet cipher delta alpha hotel foxtrot socket
foxtrot socket packet
charlie golf delta charlie foxtrot
daemon golf vector foxtrot golf foxtrot delta
delta buffer kernel golf charlie delta
system socket charlie vector daemon charlie system kernel
buffer bravo buffer delta hotel packet alpha foxtrot
alpha delta alpha system
bravo delta charlie charlie echo cipher delta
buffer kernel hotel system kernel cipher bravo system delta
alpha packet hotel
delta kernel system socket alpha
charlie echo buffer socket delta bravo kernel
kernel packet charlie buffer system
cipher charlie foxtrot echo
hotel charlie delta daemon bravo alpha
system alpha charlie system bravo echo
hotel echo foxtrot system
system socket golf echo bravo echo system charlie packet
daemon buffer echo cipher buffer alpha delta
cipher socket echo
charlie charlie system socket bravo
kernel daemon kernel packet vector charlie
delta kernel packet system foxtrot charlie foxtrot daemon
hotel foxtrot bravo kernel foxtrot vector hotel kernel socket
buffer delta charlie cipher echo system buffer cipher socket
bravo socket daemon
bravo vector bravo
foxtrot cipher delta foxtrot foxtrot
daemon buffer system golf echo packet alpha foxtrot
charlie kernel charlie socket buffer delta alpha hotel
vector alpha packet
charlie delta bravo hotel
buffer cipher cipher golf charlie
hotel socket delta system buffer delta cipher charlie cipher
buffer golf cipher golf
socket alpha vector golf golf buffer buffer
packet system vector kernel golf
foxtrot system hotel
vector golf packet packet cipher alpha echo
charlie hotel echo kernel alpha bravo
alpha charlie golf
cipher kernel cipher
buffer delta bravo bravo echo hotel alpha socket
bravo cipher kernel system foxtrot foxtrot packet
hotel hotel delta golf
cipher bravo charlie echo bravo cipher bravo
kernel buffer alpha vector buffer
bravo vector golf
packet packet socket bravo bravo packet kernel vector
hotel hotel foxtrot system echo golf packet daemon
echo daemon daemon delta foxtrot buffer packet golf
echo cipher delta socket foxtrot daemon cipher
bravo foxtrot foxtrot delta
packet socket alpha foxtrot delta
foxtrot system delta kernel hotel
system daemon foxtrot golf
buffer foxtrot socket alpha
golf delta socket socket
alpha echo hotel cipher delta daemon
kernel golf buffer buffer foxtrot kernel system hotel
system delta foxtrot cipher foxtrot kernel hotel
socket cipher delta alpha golf golf socket echo
echo bravo delta
bravo system hotel
bravo golf charlie system foxtrot hotel foxtrot socket cipher
delta system vector packet echo foxtrot
foxtrot echo bravo kernel
kernel golf charlie system cipher golf
charlie kernel foxtrot echo echo buffer socket
system vector bravo kernel cipher hotel hotel cipher
socket buffer daemon alpha system echo hotel packet bravo
cipher daemon foxtrot golf foxtrot
charlie daemon system charlie vector
kernel kernel charlie system bravo
socket buffer hotel bravo kernel
alpha buffer alpha
vector vector kernel alpha kernel vector
cipher packet cipher foxtrot hotel packet vector delta echo
buffer bravo buffer bravo
daemon alpha foxtrot
cipher bravo kernel hotel charlie vector buffer
foxtrot charlie kernel kernel kernel buffer bravo alpha
bravo socket hotel
packet packet charlie kernel buffer charlie
golf packet delta
vector vector echo alpha hotel vector system echo
packet golf buffer bravo golf golf
buffer foxtrot packet system kernel golf hotel vector socket
golf alpha cipher cipher
packet vector alpha
buffer kernel packet golf
packet delta charlie
golf delta buffer charlie system system socket
packet foxtrot delta charlie vector delta
echo echo daemon bravo socket socket
cipher cipher golf bravo
cipher alpha socket
golf packet daemon charlie delta golf delta
echo cipher vector cipher echo socket
hotel delta buffer foxtrot
packet foxtrot delta system socket buffer alpha charlie kernel
daemon kernel vector golf cipher daemon charlie
alpha kernel packet system
cipher foxtrot foxtrot vector hotel buffer packet echo cipher
socket socket daemon cipher alpha golf hotel
buffer foxtrot packet charlie kernel alpha kernel
vector alpha vector delta foxtrot delta hotel
packet hotel alpha daemon charlie hotel socket daemon echo
vector vector hotel bravo alpha kernel buffer buffer echo
buffer golf echo system foxtrot alpha golf
buffer bravo foxtrot daemon cipher echo foxtrot bravo bravo
packet alpha vector daemon packet charlie cipher
bravo system bravo
buffer buffer system
echo delta echo
golf vector buffer alpha socket
system charlie alpha packet echo socket buffer
alpha foxtrot bravo
hotel socket echo buffer delta kernel
hotel system socket daemon socket cipher system
cipher packet system cipher alpha hotel echo
delta delta charlie system vector socket daemon
hotel buffer socket kernel charlie bravo echo
daemon cipher vector cipher
foxtrot delta golf
alpha bravo kernel bravo
packet system socket vector
daemon vector alpha cipher daemon packet alpha alpha
daemon charlie kernel bravo golf system hotel
socket daemon daemon daemon charlie buffer echo vector
golf hotel hotel
bravo alpha golf
system bravo socket system kernel foxtrot buffer vector system
delta alpha system delta buffer buffer
alpha system alpha daemon packet buffer alpha
foxtrot delta foxtrot
socket vector echo vector golf delta daemon alpha foxtrot
alpha cipher foxtrot echo bravo vector cipher
delta hotel cipher daemon vector golf delta socket
charlie hotel golf packet
cipher system charlie hotel
foxtrot socket system socket vector hotel delta golf bravo
packet alpha kernel daemon kernel system charlie system
golf kernel kernel kernel bravo
echo delta buffer system socket buffer buffer
buffer golf vector socket system
packet foxtrot bravo
charlie golf packet system hotel cipher hotel cipher vector
packet golf echo alpha bravo
delta kernel alpha echo delta cipher daemon cipher
system hotel system daemon bravo system foxtrot
packet kernel echo kernel cipher bravo
foxtrot vector vector echo buffer socket vector charlie
cipher socket hotel delta bravo bravo
cipher packet vector hotel vector hotel echo
hotel alpha daemon packet socket daemon daemon daemon
bravo packet foxtrot charlie daemon socket
vector foxtrot golf delta bravo vector golf vector
daemon buffer delta golf daemon foxtrot buffer
delta vector bravo golf charlie
golf packet kernel daemon delta socket vector charlie system
bravo packet system hotel vector hotel cipher vector
golf daemon daemon foxtrot echo socket echo
hotel vector charlie vector foxtrot
hotel golf daemon socket kernel foxtrot golf hotel golf
golf packet packet delta socket
delta delta vector golf charlie foxtrot daemon foxtrot
bravo bravo cipher alpha daemon kernel
daemon system delta alpha kernel charlie buffer
system socket bravo system packet
daemon bravo daemon alpha system cipher
golf daemon vector system system packet
buffer kernel foxtrot
buffer delta delta buffer vector
charlie hotel alpha daemon bravo echo alpha bravo foxtrot
kernel charlie foxtrot echo echo
cipher bravo alpha kernel
vector packet alpha foxtrot buffer buffer foxtrot socket hotel
cipher golf bravo echo cipher buffer bravo delta
packet bravo cipher system charlie
bravo packet echo delta delta alpha socket
bravo golf delta buffer cipher vector
echo kernel foxtrot cipher kernel kernel socket bravo
alpha vector daemon golf foxtrot packet system system daemon
foxtrot alpha golf
vector echo cipher golf
daemon daemon foxtrot system buffer
hotel foxtrot alpha
buffer socket golf echo foxtrot
system kernel echo alpha system daemon
socket kernel hotel cipher delta packet golf
vector charlie alpha alpha buffer vector hotel bravo
kernel cipher buffer socket kernel buffer packet alpha buffer
socket echo cipher bravo packet golf vector bravo foxtrot
foxtrot kernel echo echo
buffer delta charlie
buffer kernel bravo echo daemon buffer
echo packet charlie vector buffer vector
bravo buffer vector bravo system socket echo system alpha
kernel buffer socket kernel packet buffer
golf kernel golf daemon
buffer packet charlie packet delta delta golf
cipher charlie delta cipher golf vector
socket socket cipher golf
cipher bravo kernel daemon kernel golf charlie kernel
packet bravo packet cipher kernel delta alpha delta
golf vector hotel socket system cipher alpha
bravo kernel hotel cipher alpha
golf socket hotel system kernel socket
alpha echo vector
echo vector alpha alpha packet buffer echo socket socket
packet daemon kernel vector buffer delta
hotel charlie delta
system vector foxtrot charlie socket buffer
foxtrot packet golf socket buffer delta packet hotel system
bravo charlie socket socket daemon buffer socket
delta delta golf bravo vector packet packet bravo daemon
bravo foxtrot system foxtrot foxtrot foxtrot foxtrot buffer
hotel delta system vector socket delta
golf charlie hotel bravo hotel bravo vector foxtrot daemon
socket vector hotel socket buffer hotel kernel hotel
charlie echo alpha kernel socket charlie bravo
golf golf vector system bravo system bravo
charlie vector socket cipher
kernel hotel socket
cipher packet packet system daemon alpha echo alpha echo
bravo daemon delta bravo socket
alpha buffer kernel hotel system kernel delta echo cipher
vector hotel kernel echo packet kernel cipher
charlie socket bravo buffer charlie daemon
packet golf delta hotel socket cipher alpha kernel
cipher bravo hotel alpha delta alpha alpha foxtrot delta
alpha kernel vector
bravo kernel echo charlie buffer kernel
vector echo cipher
golf golf golf buffer daemon
golf delta bravo hotel
foxtrot kernel foxtrot packet alpha alpha echo echo kernel
buffer delta daemon kernel daemon socket bravo daemon
delta foxtrot golf system cipher charlie
system charlie daemon hotel socket buffer
system charlie golf charlie echo bravo daemon system system
buffer bravo golf charlie delta golf delta bravo
buffer hotel bravo echo packet charlie hotel cipher
cipher vector charlie hotel
daemon charlie foxtrot daemon hotel charlie echo
delta bravo buffer golf bravo daemon delta bravo charlie
golf charlie system socket packet cipher vector packet
socket alpha foxtrot delta charlie charlie
vector socket cipher packet golf delta socket echo packet
buffer daemon socket system kernel bravo cipher hotel alpha
buffer echo packet foxtrot foxtrot hotel packet vector buffer
buffer golf delta daemon hotel
packet kernel daemon
socket golf buffer alpha daemon packet delta buffer kernel
delta alpha cipher delta delta bravo
foxtrot daemon packet daemon
golf packet alpha cipher packet foxtrot cipher echo buffer
socket buffer hotel socket
golf daemon delta
packet foxtrot system golf bravo vector alpha
socket alpha daemon cipher charlie
foxtrot buffer vector cipher
system golf buffer charlie cipher daemon
kernel socket buffer foxtrot alpha golf socket kernel
delta bravo hotel packet kernel foxtrot packet buffer kernel
charlie bravo cipher
delta charlie foxtrot
foxtrot buffer charlie golf alpha
buffer socket charlie charlie buffer echo system echo charlie
echo system vector alpha daemon daemon golf packet
delta echo vector socket hotel buffer
echo system delta daemon
daemon system socket buffer socket
hotel delta golf echo vector
golf bravo daemon golf alpha alpha packet echo
delta echo system golf charlie socket
alpha foxtrot buffer alpha
vector packet foxtrot delta
vector golf socket daemon golf kernel alpha alpha kernel
cipher daemon hotel echo daemon
socket charlie golf socket alpha packet cipher bravo system
vector charlie golf hotel cipher charlie hotel charlie
hotel buffer alpha
vector packet alpha kernel cipher daemon
bravo system kernel delta charlie
daemon vector golf hotel kernel cipher vector
kernel buffer golf alpha
system cipher daemon packet packet
delta system system system cipher alpha foxtrot delta echo
delta hotel vector daemon
vector packet system
system golf golf vector foxtrot
alpha daemon charlie echo buffer bravo
packet packet foxtrot hotel vector
system buffer socket golf foxtrot foxtrot cipher
socket charlie golf delta kernel echo alpha golf
golf echo cipher golf
delta system cipher echo cipher delta kernel
delta foxtrot socket packet packet
charlie system kernel
cipher delta packet
system buffer buffer system
system alpha golf hotel
hotel bravo daemon buffer echo buffer alpha echo
system alpha system cipher buffer echo packet
hotel foxtrot delta golf daemon daemon
bravo hotel foxtrot vector alpha bravo golf golf kernel
golf daemon delta echo echo echo hotel alpha
vector cipher vector
alpha charlie bravo delta hotel hotel system
golf packet daemon foxtrot hotel foxtrot hotel kernel
kernel buffer golf socket echo daemon alpha
charlie alpha kernel echo cipher kernel echo system
golf delta system packet buffer vector alpha echo system
alpha echo foxtrot buffer daemon alpha daemon bravo packet
system bravo cipher alpha bravo echo delta
packet bravo cipher cipher cipher socket system
hotel delta hotel buffer hotel charlie cipher echo daemon
bravo buffer vector alpha vector
packet cipher daemon alpha
system hotel echo alpha delta daemon delta
kernel alpha foxtrot vector bravo bravo alpha hotel cipher
golf packet system vector delta golf hotel vector
golf alpha packet socket alpha daemon kernel charlie
alpha delta bravo daemon alpha buffer system
echo cipher kernel packet daemon socket charlie system hotel
cipher vector buffer charlie cipher foxtrot
daemon packet alpha cipher echo
packet bravo bravo golf system echo socket
echo buffer system
socket system charlie
delta hotel golf buffer packet hotel
charlie golf packet delta golf cipher alpha delta
hotel buffer charlie kernel
cipher cipher buffer bravo charlie golf
socket kernel socket bravo vector buffer delta
delta charlie charlie charlie charlie alpha
socket daemon daemon alpha
system golf echo
foxtrot vector golf golf system buffer foxtrot buffer bravo
vector system socket daemon vector vector bravo daemon
golf echo buffer
hotel vector alpha alpha cipher alpha buffer vector
socket kernel golf golf buffer
cipher kernel system golf cipher system
delta bravo socket delta cipher vector buffer alpha
foxtrot system cipher
hotel delta charlie alpha foxtrot cipher cipher socket
foxtrot bravo cipher foxtrot foxtrot alpha charlie daemon hotel
charlie system cipher socket bravo hotel
packet golf packet packet vector echo bravo
system hotel cipher golf buffer
foxtrot alpha cipher
packet bravo alpha buffer delta
packet echo buffer
cipher cipher golf golf golf system
golf packet hotel bravo bravo
hotel charlie echo hotel delta
foxtrot packet cipher charlie
socket buffer hotel buffer system foxtrot hotel system alpha
bravo daemon bravo kernel echo delta buffer
vector vector delta buffer hotel vector system bravo delta
packet alpha hotel kernel
vector buffer charlie hotel
socket packet packet
bravo vector golf packet golf charlie alpha vector
charlie alpha delta golf cipher foxtrot charlie socket golf
hotel hotel packet hotel
packet echo vector bravo bravo
foxtrot kernel daemon
hotel daemon echo foxtrot delta golf
bravo charlie vector bravo buffer vector vector socket charlie
kernel foxtrot packet golf kernel
packet system cipher system
socket foxtrot packet alpha
system charlie foxtrot bravo alpha packet golf
packet hotel kernel echo
golf system alpha
system daemon buffer packet charlie charlie
charlie bravo delta buffer hotel
socket alpha golf
delta golf echo cipher echo hotel
packet vector bravo buffer kernel delta cipher daemon charlie
kernel socket charlie vector system vector socket hotel golf
charlie echo charlie kernel charlie buffer alpha vector hotel
buffer system system hotel buffer foxtrot echo cipher
bravo kernel buffer golf hotel vector vector delta vector
kernel alpha hotel
cipher packet bravo charlie system vector
echo system packet buffer system
packet system echo packet foxtrot packet system
alpha hotel kernel kernel golf foxtrot
kernel bravo echo system alpha
bravo hotel packet alpha kernel
buffer cipher socket buffer charlie charlie
cipher daemon alpha delta socket
cipher buffer vector system alpha vector foxtrot
charlie echo packet vector daemon hotel
daemon socket vector packet echo buffer golf delta bravo
cipher golf alpha buffer kernel golf charlie alpha foxtrot
echo vector daemon charlie vector
bravo vector system buffer
daemon hotel foxtrot golf system echo system echo socket
bravo foxtrot socket alpha system system
echo vector buffer echo hotel echo cipher
socket charlie bravo golf charlie kernel
vector buffer hotel packet cipher echo system hotel alpha
vector foxtrot delta golf vector cipher
delta packet charlie system foxtrot foxtrot
golf vector daemon foxtrot cipher daemon
cipher alpha system hotel echo
echo daemon vector
packet system bravo buffer delta bravo
bravo system packet cipher packet socket daemon
foxtrot echo socket hotel vector golf
echo charlie socket vector delta
packet cipher buffer daemon charlie daemon hotel socket socket
vector echo hotel golf delta vector delta alpha daemon
echo golf golf daemon golf vector kernel golf
echo vector foxtrot hotel cipher golf socket
charlie bravo bravo cipher hotel alpha daemon vector
socket daemon cipher foxtrot delta packet
echo vector vector system hotel golf system cipher socket
vector daemon golf alpha system buffer
bravo vector golf cipher golf vector vector packet buffer
bravo alpha daemon golf cipher
system socket system
golf vector alpha bravo cipher
system delta foxtrot delta bravo
kernel foxtrot bravo echo charlie foxtrot
bravo alpha daemon buffer charlie golf packet vector
daemon echo system foxtrot hotel packet alpha socket socket
buffer socket delta alpha packet daemon echo delta
echo system delta buffer echo daemon hotel buffer
hotel alpha hotel
packet bravo foxtrot foxtrot
golf alpha buffer delta golf packet cipher system
cipher kernel bravo daemon foxtrot cipher charlie
foxtrot bravo charlie golf bravo buffer golf
buffer foxtrot kernel alpha echo
cipher daemon echo
alpha echo cipher vector cipher system delta vector
kernel golf foxtrot vector delta packet alpha
socket kernel buffer
kernel hotel kernel system foxtrot
bravo golf system golf bravo vector
cipher socket golf socket charlie echo buffer cipher vector
alpha alpha golf golf socket vector
charlie bravo foxtrot delta
delta bravo packet echo
echo bravo delta system socket
foxtrot system vector hotel echo daemon cipher
bravo charlie socket daemon system alpha delta
cipher daemon foxtrot
vector delta hotel socket alpha alpha
system socket hotel packet echo echo
hotel bravo golf vector hotel alpha
daemon kernel echo echo echo hotel delta
cipher buffer hotel golf
system cipher alpha delta system
buffer socket golf echo kernel system charlie daemon bravo
foxtrot delta vector vector alpha kernel golf kernel
kernel bravo bravo golf charlie hotel
foxtrot buffer echo socket system delta foxtrot charlie
packet hotel bravo kernel charlie
alpha vector echo foxtrot
kernel kernel buffer hotel
charlie alpha system foxtrot socket
hotel echo packet socket cipher foxtrot packet echo system
system charlie alpha
alpha delta cipher vector socket cipher vector socket
system golf alpha packet packet
packet delta system echo charlie kernel
buffer delta kernel packet
packet delta echo system charlie daemon vector buffer
alpha alpha system hotel bravo
charlie kernel delta hotel socket
socket buffer kernel kernel vector kernel foxtrot
hotel golf kernel buffer vector hotel foxtrot
kernel alpha kernel cipher delta kernel packet charlie
socket foxtrot hotel golf packet buffer packet
echo daemon vector echo echo foxtrot golf bravo
daemon vector packet daemon hotel
delta packet foxtrot
buffer bravo system packet alpha golf bravo buffer
system hotel foxtrot echo system delta bravo
vector delta delta
foxtrot bravo kernel golf golf delta socket socket alpha
socket alpha foxtrot hotel golf charlie echo foxtrot charlie
foxtrot alpha system golf
delta socket cipher charlie packet delta system bravo
cipher echo hotel delta echo hotel cipher kernel
daemon bravo packet alpha echo socket
daemon alpha golf vector buffer alpha
packet bravo system echo
charlie bravo golf daemon bravo
system hotel delta hotel packet kernel hotel alpha bravo
bravo delta system system system bravo
kernel delta system kernel kernel echo daemon delta
golf bravo packet kernel
charlie packet golf system packet packet hotel
delta daemon cipher
vector vector foxtrot charlie hotel bravo golf
foxtrot charlie cipher
cipher hotel hotel kernel
golf buffer bravo socket charlie vector
foxtrot vector buffer
hotel delta vector
golf socket daemon system foxtrot
echo cipher socket alpha charlie system
buffer packet buffer foxtrot daemon kernel packet
cipher packet alpha system echo foxtrot golf
packet buffer bravo hotel vector hotel
system charlie foxtrot delta socket daemon echo socket bravo
bravo golf charlie bravo daemon system vector daemon kernel
buffer buffer kernel kernel echo socket foxtrot
kernel packet bravo buffer hotel
hotel cipher alpha echo
vector echo alpha socket echo
cipher system socket hotel delta kernel alpha golf system
hotel kernel vector alpha alpha daemon socket system buffer
buffer daemon daemon
daemon vector hotel charlie hotel
hotel charlie charlie packet
golf echo delta
buffer vector golf
packet golf hotel socket
charlie charlie foxtrot golf socket
delta golf buffer socket buffer buffer delta charlie system
packet bravo bravo charlie echo
system delta packet foxtrot daemon daemon delta system
socket cipher hotel cipher vector
foxtrot echo golf
system kernel packet charlie socket charlie socket
echo charlie packet socket vector
cipher charlie hotel cipher charlie hotel packet vector foxtrot
foxtrot socket bravo echo system system
cipher charlie cipher cipher delta system buffer
alpha bravo bravo
system packet vector charlie buffer charlie alpha buffer
charlie delta bravo buffer packet hotel vector
daemon golf vector foxtrot packet vector
buffer charlie socket alpha hotel golf echo bravo
system kernel daemon charlie charlie kernel charlie alpha
kernel packet golf
vector buffer charlie socket buffer kernel delta vector
kernel socket kernel foxtrot bravo charlie charlie foxtrot foxtrot
system buffer socket
buffer echo cipher echo foxtrot cipher buffer vector
cipher system charlie
alpha hotel system bravo charlie packet vector charlie kernel
vector vector hotel buffer golf buffer packet
alpha socket daemon echo golf golf system vector
charlie vector vector buffer
kernel vector system charlie system daemon alpha
echo hotel system golf packet
buffer daemon delta kernel daemon buffer kernel vector
buffer system socket bravo foxtrot packet delta
foxtrot vector alpha
golf vector socket cipher
delta system alpha
system alpha system packet echo delta golf echo packet
bravo packet packet bravo
bravo golf foxtrot delta buffer golf foxtrot socket
vector echo socket golf foxtrot system
alpha bravo golf system packet buffer
kernel system cipher alpha foxtrot echo foxtrot delta daemon
bravo hotel bravo golf bravo buffer
echo alpha alpha charlie echo delta daemon vector
daemon golf foxtrot system packet echo foxtrot
daemon packet cipher system buffer
vector charlie charlie foxtrot cipher vector socket echo
cipher packet delta packet daemon
kernel hotel foxtrot buffer golf system socket daemon vector
packet buffer cipher
kernel vector alpha hotel buffer socket
vector alpha daemon socket packet
delta foxtrot alpha charlie cipher cipher golf
delta golf system echo
echo alpha foxtrot socket echo alpha
cipher foxtrot buffer foxtrot
delta daemon kernel cipher cipher
golf vector delta foxtrot golf packet bravo socket
